run_index,task_id,system,scenario,task_family,failure_type,primary_failtax,failtaxes,failure_step,expected_recovery_path,gold_tool,chosen_tool,state_slots,dependency_edges,success,tool_calls,repair_actions,repair_triggered,user_turns,total_steps,token_cost,wall_clock_ms,observed_error_type,first_failure_recovered,repair_extra_tool_calls,repair_extra_user_turns,repair_user_clarification,clarification_precision,clarification_recall,unnecessary_question_rate,patch_success_rate,post_answer_retry_count,safe_abort,policy_compliance_success,state_repair_success,reuse_pass_index,reused_artifact,reuse_mode,reuse_tier,reuse_selected_asset_id,reuse_selected_match_signature,reuse_source_task_id,reuse_target_family,reuse_source_family,reuse_target_semantic_family,reuse_source_semantic_family,second_run_improvement,budget_violation,budget_violation_reason,recovery_budget_used,stop_reason,trace_path
1,turn_on_cellular_low_battery_mode,a2_planner,state_failure,t1_static_recovery,state_failure,state,"[""state""]",step_02,patch_state_then_retry,,search_tool,"[""query"", ""target_path"", ""messages"", ""retrieved_info"", ""artifact_ready""]","[{""source"": ""step_01"", ""target"": ""step_02"", ""type"": ""state""}]",False,1,0,1,0,2,0.0,0,state_failure,False,0,0,False,0.0,0.0,0.0,0.0,0,False,False,False,0,False,none,none,,,,,,,,0.0,False,,1.0,awaiting_user_interaction,outputs/paper_final_freeze_20260424/toolsandbox_semantic_repair_official_v1/runs/run_01/traces/001_turn_on_cellular_low_battery_mode_a2_planner.json
1,turn_on_cellular_low_battery_mode,a3_full_interaction,state_failure,t1_static_recovery,state_failure,state,"[""state""]",step_02,patch_state_then_retry,,write_tool,"[""query"", ""target_path"", ""messages"", ""retrieved_info"", ""artifact_ready""]","[{""source"": ""step_01"", ""target"": ""step_02"", ""type"": ""state""}]",True,2,0,1,1,2,0.0,0,state_failure,True,1,1,True,1.0,1.0,0.0,1.0,0,False,False,True,0,False,none,none,,,,,,,,0.0,False,,1.0,success_criteria_satisfied,outputs/paper_final_freeze_20260424/toolsandbox_semantic_repair_official_v1/runs/run_01/traces/001_turn_on_cellular_low_battery_mode_a3_full_interaction.json
1,turn_on_cellular_low_battery_mode,a3_no_query,state_failure,t1_static_recovery,state_failure,state,"[""state""]",step_02,patch_state_then_retry,,search_tool,"[""query"", ""target_path"", ""messages"", ""retrieved_info"", ""artifact_ready""]","[{""source"": ""step_01"", ""target"": ""step_02"", ""type"": ""state""}]",False,1,0,1,0,2,0.0,0,state_failure,False,0,0,False,1.0,1.0,0.0,0.0,0,False,False,False,0,False,none,none,,,,,,,,0.0,False,,1.0,query_disabled,outputs/paper_final_freeze_20260424/toolsandbox_semantic_repair_official_v1/runs/run_01/traces/001_turn_on_cellular_low_battery_mode_a3_no_query.json
1,turn_on_cellular_low_battery_mode,a3_noisy_user,state_failure,t1_static_recovery,state_failure,state,"[""state""]",step_02,patch_state_then_retry,,search_tool,"[""query"", ""target_path"", ""messages"", ""retrieved_info"", ""artifact_ready""]","[{""source"": ""step_01"", ""target"": ""step_02"", ""type"": ""state""}]",False,1,0,2,1,2,0.0,0,state_failure,False,0,1,True,1.0,1.0,0.0,0.0,1,False,False,False,0,False,none,none,,,,,,,,0.0,False,,1.0,repeat_failure_abort,outputs/paper_final_freeze_20260424/toolsandbox_semantic_repair_official_v1/runs/run_01/traces/001_turn_on_cellular_low_battery_mode_a3_noisy_user.json
1,turn_on_cellular_low_battery_mode_implicit,a2_planner,state_failure,t1_static_recovery,state_failure,state,"[""state""]",step_02,patch_state_then_retry,,search_tool,"[""query"", ""target_path"", ""messages"", ""retrieved_info"", ""artifact_ready""]","[{""source"": ""step_01"", ""target"": ""step_02"", ""type"": ""state""}]",False,1,0,1,0,2,0.0,0,state_failure,False,0,0,False,0.0,0.0,0.0,0.0,0,False,False,False,0,False,none,none,,,,,,,,0.0,False,,1.0,awaiting_user_interaction,outputs/paper_final_freeze_20260424/toolsandbox_semantic_repair_official_v1/runs/run_01/traces/002_turn_on_cellular_low_battery_mode_implicit_a2_planner.json
1,turn_on_cellular_low_battery_mode_implicit,a3_full_interaction,state_failure,t1_static_recovery,state_failure,state,"[""state""]",step_02,patch_state_then_retry,,write_tool,"[""query"", ""target_path"", ""messages"", ""retrieved_info"", ""artifact_ready""]","[{""source"": ""step_01"", ""target"": ""step_02"", ""type"": ""state""}]",True,2,0,1,1,2,0.0,0,state_failure,True,1,1,True,1.0,1.0,0.0,1.0,0,False,False,True,0,False,none,none,,,,,,,,0.0,False,,1.0,success_criteria_satisfied,outputs/paper_final_freeze_20260424/toolsandbox_semantic_repair_official_v1/runs/run_01/traces/002_turn_on_cellular_low_battery_mode_implicit_a3_full_interaction.json
1,turn_on_cellular_low_battery_mode_implicit,a3_no_query,state_failure,t1_static_recovery,state_failure,state,"[""state""]",step_02,patch_state_then_retry,,search_tool,"[""query"", ""target_path"", ""messages"", ""retrieved_info"", ""artifact_ready""]","[{""source"": ""step_01"", ""target"": ""step_02"", ""type"": ""state""}]",False,1,0,1,0,2,0.0,0,state_failure,False,0,0,False,1.0,1.0,0.0,0.0,0,False,False,False,0,False,none,none,,,,,,,,0.0,False,,1.0,query_disabled,outputs/paper_final_freeze_20260424/toolsandbox_semantic_repair_official_v1/runs/run_01/traces/002_turn_on_cellular_low_battery_mode_implicit_a3_no_query.json
1,turn_on_cellular_low_battery_mode_implicit,a3_noisy_user,state_failure,t1_static_recovery,state_failure,state,"[""state""]",step_02,patch_state_then_retry,,search_tool,"[""query"", ""target_path"", ""messages"", ""retrieved_info"", ""artifact_ready""]","[{""source"": ""step_01"", ""target"": ""step_02"", ""type"": ""state""}]",False,1,0,2,1,2,0.0,0,state_failure,False,0,1,True,1.0,1.0,0.0,0.0,1,False,False,False,0,False,none,none,,,,,,,,0.0,False,,1.0,repeat_failure_abort,outputs/paper_final_freeze_20260424/toolsandbox_semantic_repair_official_v1/runs/run_01/traces/002_turn_on_cellular_low_battery_mode_implicit_a3_noisy_user.json
1,turn_on_location_low_battery_mode,a2_planner,state_failure,t1_static_recovery,state_failure,state,"[""state""]",step_02,patch_state_then_retry,,search_tool,"[""query"", ""target_path"", ""messages"", ""retrieved_info"", ""artifact_ready""]","[{""source"": ""step_01"", ""target"": ""step_02"", ""type"": ""state""}]",False,1,0,1,0,2,0.0,0,state_failure,False,0,0,False,0.0,0.0,0.0,0.0,0,False,False,False,0,False,none,none,,,,,,,,0.0,False,,1.0,awaiting_user_interaction,outputs/paper_final_freeze_20260424/toolsandbox_semantic_repair_official_v1/runs/run_01/traces/003_turn_on_location_low_battery_mode_a2_planner.json
1,turn_on_location_low_battery_mode,a3_full_interaction,state_failure,t1_static_recovery,state_failure,state,"[""state""]",step_02,patch_state_then_retry,,write_tool,"[""query"", ""target_path"", ""messages"", ""retrieved_info"", ""artifact_ready""]","[{""source"": ""step_01"", ""target"": ""step_02"", ""type"": ""state""}]",True,2,0,1,1,2,0.0,0,state_failure,True,1,1,True,1.0,1.0,0.0,1.0,0,False,False,True,0,False,none,none,,,,,,,,0.0,False,,1.0,success_criteria_satisfied,outputs/paper_final_freeze_20260424/toolsandbox_semantic_repair_official_v1/runs/run_01/traces/003_turn_on_location_low_battery_mode_a3_full_interaction.json
1,turn_on_location_low_battery_mode,a3_no_query,state_failure,t1_static_recovery,state_failure,state,"[""state""]",step_02,patch_state_then_retry,,search_tool,"[""query"", ""target_path"", ""messages"", ""retrieved_info"", ""artifact_ready""]","[{""source"": ""step_01"", ""target"": ""step_02"", ""type"": ""state""}]",False,1,0,1,0,2,0.0,0,state_failure,False,0,0,False,1.0,1.0,0.0,0.0,0,False,False,False,0,False,none,none,,,,,,,,0.0,False,,1.0,query_disabled,outputs/paper_final_freeze_20260424/toolsandbox_semantic_repair_official_v1/runs/run_01/traces/003_turn_on_location_low_battery_mode_a3_no_query.json
1,turn_on_location_low_battery_mode,a3_noisy_user,state_failure,t1_static_recovery,state_failure,state,"[""state""]",step_02,patch_state_then_retry,,search_tool,"[""query"", ""target_path"", ""messages"", ""retrieved_info"", ""artifact_ready""]","[{""source"": ""step_01"", ""target"": ""step_02"", ""type"": ""state""}]",False,1,0,2,1,2,0.0,0,state_failure,False,0,1,True,1.0,1.0,0.0,0.0,1,False,False,False,0,False,none,none,,,,,,,,0.0,False,,1.0,repeat_failure_abort,outputs/paper_final_freeze_20260424/toolsandbox_semantic_repair_official_v1/runs/run_01/traces/003_turn_on_location_low_battery_mode_a3_noisy_user.json
1,turn_on_location_low_battery_mode_implicit,a2_planner,state_failure,t1_static_recovery,state_failure,state,"[""state""]",step_02,patch_state_then_retry,,search_tool,"[""query"", ""target_path"", ""messages"", ""retrieved_info"", ""artifact_ready""]","[{""source"": ""step_01"", ""target"": ""step_02"", ""type"": ""state""}]",False,1,0,1,0,2,0.0,0,state_failure,False,0,0,False,0.0,0.0,0.0,0.0,0,False,False,False,0,False,none,none,,,,,,,,0.0,False,,1.0,awaiting_user_interaction,outputs/paper_final_freeze_20260424/toolsandbox_semantic_repair_official_v1/runs/run_01/traces/004_turn_on_location_low_battery_mode_implicit_a2_planner.json
1,turn_on_location_low_battery_mode_implicit,a3_full_interaction,state_failure,t1_static_recovery,state_failure,state,"[""state""]",step_02,patch_state_then_retry,,write_tool,"[""query"", ""target_path"", ""messages"", ""retrieved_info"", ""artifact_ready""]","[{""source"": ""step_01"", ""target"": ""step_02"", ""type"": ""state""}]",True,2,0,1,1,2,0.0,0,state_failure,True,1,1,True,1.0,1.0,0.0,1.0,0,False,False,True,0,False,none,none,,,,,,,,0.0,False,,1.0,success_criteria_satisfied,outputs/paper_final_freeze_20260424/toolsandbox_semantic_repair_official_v1/runs/run_01/traces/004_turn_on_location_low_battery_mode_implicit_a3_full_interaction.json
1,turn_on_location_low_battery_mode_implicit,a3_no_query,state_failure,t1_static_recovery,state_failure,state,"[""state""]",step_02,patch_state_then_retry,,search_tool,"[""query"", ""target_path"", ""messages"", ""retrieved_info"", ""artifact_ready""]","[{""source"": ""step_01"", ""target"": ""step_02"", ""type"": ""state""}]",False,1,0,1,0,2,0.0,0,state_failure,False,0,0,False,1.0,1.0,0.0,0.0,0,False,False,False,0,False,none,none,,,,,,,,0.0,False,,1.0,query_disabled,outputs/paper_final_freeze_20260424/toolsandbox_semantic_repair_official_v1/runs/run_01/traces/004_turn_on_location_low_battery_mode_implicit_a3_no_query.json
1,turn_on_location_low_battery_mode_implicit,a3_noisy_user,state_failure,t1_static_recovery,state_failure,state,"[""state""]",step_02,patch_state_then_retry,,search_tool,"[""query"", ""target_path"", ""messages"", ""retrieved_info"", ""artifact_ready""]","[{""source"": ""step_01"", ""target"": ""step_02"", ""type"": ""state""}]",False,1,0,2,1,2,0.0,0,state_failure,False,0,1,True,1.0,1.0,0.0,0.0,1,False,False,False,0,False,none,none,,,,,,,,0.0,False,,1.0,repeat_failure_abort,outputs/paper_final_freeze_20260424/toolsandbox_semantic_repair_official_v1/runs/run_01/traces/004_turn_on_location_low_battery_mode_implicit_a3_noisy_user.json
1,turn_on_wifi_low_battery_mode,a2_planner,state_failure,t1_static_recovery,state_failure,state,"[""state""]",step_02,patch_state_then_retry,,search_tool,"[""query"", ""target_path"", ""messages"", ""retrieved_info"", ""artifact_ready""]","[{""source"": ""step_01"", ""target"": ""step_02"", ""type"": ""state""}]",False,1,0,1,0,2,0.0,0,state_failure,False,0,0,False,0.0,0.0,0.0,0.0,0,False,False,False,0,False,none,none,,,,,,,,0.0,False,,1.0,awaiting_user_interaction,outputs/paper_final_freeze_20260424/toolsandbox_semantic_repair_official_v1/runs/run_01/traces/005_turn_on_wifi_low_battery_mode_a2_planner.json
1,turn_on_wifi_low_battery_mode,a3_full_interaction,state_failure,t1_static_recovery,state_failure,state,"[""state""]",step_02,patch_state_then_retry,,write_tool,"[""query"", ""target_path"", ""messages"", ""retrieved_info"", ""artifact_ready""]","[{""source"": ""step_01"", ""target"": ""step_02"", ""type"": ""state""}]",True,2,0,1,1,2,0.0,0,state_failure,True,1,1,True,1.0,1.0,0.0,1.0,0,False,False,True,0,False,none,none,,,,,,,,0.0,False,,1.0,success_criteria_satisfied,outputs/paper_final_freeze_20260424/toolsandbox_semantic_repair_official_v1/runs/run_01/traces/005_turn_on_wifi_low_battery_mode_a3_full_interaction.json
1,turn_on_wifi_low_battery_mode,a3_no_query,state_failure,t1_static_recovery,state_failure,state,"[""state""]",step_02,patch_state_then_retry,,search_tool,"[""query"", ""target_path"", ""messages"", ""retrieved_info"", ""artifact_ready""]","[{""source"": ""step_01"", ""target"": ""step_02"", ""type"": ""state""}]",False,1,0,1,0,2,0.0,0,state_failure,False,0,0,False,1.0,1.0,0.0,0.0,0,False,False,False,0,False,none,none,,,,,,,,0.0,False,,1.0,query_disabled,outputs/paper_final_freeze_20260424/toolsandbox_semantic_repair_official_v1/runs/run_01/traces/005_turn_on_wifi_low_battery_mode_a3_no_query.json
1,turn_on_wifi_low_battery_mode,a3_noisy_user,state_failure,t1_static_recovery,state_failure,state,"[""state""]",step_02,patch_state_then_retry,,search_tool,"[""query"", ""target_path"", ""messages"", ""retrieved_info"", ""artifact_ready""]","[{""source"": ""step_01"", ""target"": ""step_02"", ""type"": ""state""}]",False,1,0,2,1,2,0.0,0,state_failure,False,0,1,True,1.0,1.0,0.0,0.0,1,False,False,False,0,False,none,none,,,,,,,,0.0,False,,1.0,repeat_failure_abort,outputs/paper_final_freeze_20260424/toolsandbox_semantic_repair_official_v1/runs/run_01/traces/005_turn_on_wifi_low_battery_mode_a3_noisy_user.json
1,turn_on_wifi_low_battery_mode_implicit,a2_planner,state_failure,t1_static_recovery,state_failure,state,"[""state""]",step_02,patch_state_then_retry,,search_tool,"[""query"", ""target_path"", ""messages"", ""retrieved_info"", ""artifact_ready""]","[{""source"": ""step_01"", ""target"": ""step_02"", ""type"": ""state""}]",False,1,0,1,0,2,0.0,0,state_failure,False,0,0,False,0.0,0.0,0.0,0.0,0,False,False,False,0,False,none,none,,,,,,,,0.0,False,,1.0,awaiting_user_interaction,outputs/paper_final_freeze_20260424/toolsandbox_semantic_repair_official_v1/runs/run_01/traces/006_turn_on_wifi_low_battery_mode_implicit_a2_planner.json
1,turn_on_wifi_low_battery_mode_implicit,a3_full_interaction,state_failure,t1_static_recovery,state_failure,state,"[""state""]",step_02,patch_state_then_retry,,write_tool,"[""query"", ""target_path"", ""messages"", ""retrieved_info"", ""artifact_ready""]","[{""source"": ""step_01"", ""target"": ""step_02"", ""type"": ""state""}]",True,2,0,1,1,2,0.0,0,state_failure,True,1,1,True,1.0,1.0,0.0,1.0,0,False,False,True,0,False,none,none,,,,,,,,0.0,False,,1.0,success_criteria_satisfied,outputs/paper_final_freeze_20260424/toolsandbox_semantic_repair_official_v1/runs/run_01/traces/006_turn_on_wifi_low_battery_mode_implicit_a3_full_interaction.json
1,turn_on_wifi_low_battery_mode_implicit,a3_no_query,state_failure,t1_static_recovery,state_failure,state,"[""state""]",step_02,patch_state_then_retry,,search_tool,"[""query"", ""target_path"", ""messages"", ""retrieved_info"", ""artifact_ready""]","[{""source"": ""step_01"", ""target"": ""step_02"", ""type"": ""state""}]",False,1,0,1,0,2,0.0,0,state_failure,False,0,0,False,1.0,1.0,0.0,0.0,0,False,False,False,0,False,none,none,,,,,,,,0.0,False,,1.0,query_disabled,outputs/paper_final_freeze_20260424/toolsandbox_semantic_repair_official_v1/runs/run_01/traces/006_turn_on_wifi_low_battery_mode_implicit_a3_no_query.json
1,turn_on_wifi_low_battery_mode_implicit,a3_noisy_user,state_failure,t1_static_recovery,state_failure,state,"[""state""]",step_02,patch_state_then_retry,,search_tool,"[""query"", ""target_path"", ""messages"", ""retrieved_info"", ""artifact_ready""]","[{""source"": ""step_01"", ""target"": ""step_02"", ""type"": ""state""}]",False,1,0,2,1,2,0.0,0,state_failure,False,0,1,True,1.0,1.0,0.0,0.0,1,False,False,False,0,False,none,none,,,,,,,,0.0,False,,1.0,repeat_failure_abort,outputs/paper_final_freeze_20260424/toolsandbox_semantic_repair_official_v1/runs/run_01/traces/006_turn_on_wifi_low_battery_mode_implicit_a3_noisy_user.json
1,add_reminder_content_and_date_and_time_multiple_user_turn,a2_planner,multiple_user_turn,t3_must_interact,multiple_user_turn,selection,"[""selection"", ""ordering"", ""recovery""]",step_02,rebind_or_switch_then_retry,,write_tool,"[""query"", ""target_path"", ""messages""]","[{""source"": ""step_01"", ""target"": ""step_02"", ""type"": ""state""}]",True,2,0,0,0,2,0.0,0,multiple_user_turn,False,0,0,False,0.0,0.0,0.0,0.0,0,False,False,False,0,False,none,none,,,,,,,,0.0,False,,0.0,success_criteria_satisfied,outputs/paper_final_freeze_20260424/toolsandbox_semantic_repair_official_v1/runs/run_01/traces/007_add_reminder_content_and_date_and_time_multiple_user_turn_a2_planner.json
1,add_reminder_content_and_date_and_time_multiple_user_turn,a3_full_interaction,multiple_user_turn,t3_must_interact,multiple_user_turn,selection,"[""selection"", ""ordering"", ""recovery""]",step_02,rebind_or_switch_then_retry,,write_tool,"[""query"", ""target_path"", ""messages""]","[{""source"": ""step_01"", ""target"": ""step_02"", ""type"": ""state""}]",True,2,0,0,1,2,0.0,0,multiple_user_turn,False,0,0,False,1.0,1.0,0.0,0.0,0,False,False,False,0,False,none,none,,,,,,,,0.0,False,,0.0,success_criteria_satisfied,outputs/paper_final_freeze_20260424/toolsandbox_semantic_repair_official_v1/runs/run_01/traces/007_add_reminder_content_and_date_and_time_multiple_user_turn_a3_full_interaction.json
1,add_reminder_content_and_date_and_time_multiple_user_turn,a3_no_query,multiple_user_turn,t3_must_interact,multiple_user_turn,selection,"[""selection"", ""ordering"", ""recovery""]",step_02,rebind_or_switch_then_retry,,write_tool,"[""query"", ""target_path"", ""messages""]","[{""source"": ""step_01"", ""target"": ""step_02"", ""type"": ""state""}]",True,2,0,0,0,2,0.0,0,multiple_user_turn,False,0,0,False,1.0,1.0,0.0,0.0,0,False,False,False,0,False,none,none,,,,,,,,0.0,False,,0.0,success_criteria_satisfied,outputs/paper_final_freeze_20260424/toolsandbox_semantic_repair_official_v1/runs/run_01/traces/007_add_reminder_content_and_date_and_time_multiple_user_turn_a3_no_query.json
1,add_reminder_content_and_date_and_time_multiple_user_turn,a3_noisy_user,multiple_user_turn,t3_must_interact,multiple_user_turn,selection,"[""selection"", ""ordering"", ""recovery""]",step_02,rebind_or_switch_then_retry,,write_tool,"[""query"", ""target_path"", ""messages""]","[{""source"": ""step_01"", ""target"": ""step_02"", ""type"": ""state""}]",True,2,0,0,1,2,0.0,0,multiple_user_turn,False,0,0,False,1.0,1.0,0.0,0.0,0,False,False,False,0,False,none,none,,,,,,,,0.0,False,,0.0,success_criteria_satisfied,outputs/paper_final_freeze_20260424/toolsandbox_semantic_repair_official_v1/runs/run_01/traces/007_add_reminder_content_and_date_and_time_multiple_user_turn_a3_noisy_user.json
1,add_reminder_content_and_week_delta_and_time_multiple_user_turn,a2_planner,multiple_user_turn,t3_must_interact,multiple_user_turn,selection,"[""selection"", ""ordering"", ""recovery""]",step_02,rebind_or_switch_then_retry,,get_current_timestamp,"[""query"", ""target_path"", ""messages""]","[{""source"": ""step_01"", ""target"": ""step_02"", ""type"": ""state""}]",True,1,0,0,0,1,0.0,0,multiple_user_turn,False,0,0,False,0.0,0.0,0.0,0.0,0,False,False,False,0,False,none,none,,,,,,,,0.0,False,,0.0,success_criteria_satisfied,outputs/paper_final_freeze_20260424/toolsandbox_semantic_repair_official_v1/runs/run_01/traces/008_add_reminder_content_and_week_delta_and_time_multiple_user_turn_a2_planner.json
1,add_reminder_content_and_week_delta_and_time_multiple_user_turn,a3_full_interaction,multiple_user_turn,t3_must_interact,multiple_user_turn,selection,"[""selection"", ""ordering"", ""recovery""]",step_02,rebind_or_switch_then_retry,,get_current_timestamp,"[""query"", ""target_path"", ""messages""]","[{""source"": ""step_01"", ""target"": ""step_02"", ""type"": ""state""}]",True,1,0,0,1,1,0.0,0,multiple_user_turn,False,0,0,False,1.0,1.0,0.0,0.0,0,False,False,False,0,False,none,none,,,,,,,,0.0,False,,0.0,success_criteria_satisfied,outputs/paper_final_freeze_20260424/toolsandbox_semantic_repair_official_v1/runs/run_01/traces/008_add_reminder_content_and_week_delta_and_time_multiple_user_turn_a3_full_interaction.json
1,add_reminder_content_and_week_delta_and_time_multiple_user_turn,a3_no_query,multiple_user_turn,t3_must_interact,multiple_user_turn,selection,"[""selection"", ""ordering"", ""recovery""]",step_02,rebind_or_switch_then_retry,,get_current_timestamp,"[""query"", ""target_path"", ""messages""]","[{""source"": ""step_01"", ""target"": ""step_02"", ""type"": ""state""}]",True,1,0,0,0,1,0.0,0,multiple_user_turn,False,0,0,False,1.0,1.0,0.0,0.0,0,False,False,False,0,False,none,none,,,,,,,,0.0,False,,0.0,success_criteria_satisfied,outputs/paper_final_freeze_20260424/toolsandbox_semantic_repair_official_v1/runs/run_01/traces/008_add_reminder_content_and_week_delta_and_time_multiple_user_turn_a3_no_query.json
1,add_reminder_content_and_week_delta_and_time_multiple_user_turn,a3_noisy_user,multiple_user_turn,t3_must_interact,multiple_user_turn,selection,"[""selection"", ""ordering"", ""recovery""]",step_02,rebind_or_switch_then_retry,,get_current_timestamp,"[""query"", ""target_path"", ""messages""]","[{""source"": ""step_01"", ""target"": ""step_02"", ""type"": ""state""}]",True,1,0,0,1,1,0.0,0,multiple_user_turn,False,0,0,False,1.0,1.0,0.0,0.0,0,False,False,False,0,False,none,none,,,,,,,,0.0,False,,0.0,success_criteria_satisfied,outputs/paper_final_freeze_20260424/toolsandbox_semantic_repair_official_v1/runs/run_01/traces/008_add_reminder_content_and_week_delta_and_time_multiple_user_turn_a3_noisy_user.json
1,find_days_till_holiday_multiple_user_turn,a2_planner,multiple_user_turn,t3_must_interact,multiple_user_turn,selection,"[""selection"", ""ordering"", ""recovery""]",step_02,rebind_or_switch_then_retry,,search_holiday,"[""query"", ""target_path"", ""messages""]","[{""source"": ""step_01"", ""target"": ""step_02"", ""type"": ""state""}]",True,1,0,0,0,1,0.0,0,multiple_user_turn,False,0,0,False,0.0,0.0,0.0,0.0,0,False,False,False,0,False,none,none,,,,,,,,0.0,False,,0.0,success_criteria_satisfied,outputs/paper_final_freeze_20260424/toolsandbox_semantic_repair_official_v1/runs/run_01/traces/009_find_days_till_holiday_multiple_user_turn_a2_planner.json
1,find_days_till_holiday_multiple_user_turn,a3_full_interaction,multiple_user_turn,t3_must_interact,multiple_user_turn,selection,"[""selection"", ""ordering"", ""recovery""]",step_02,rebind_or_switch_then_retry,,search_holiday,"[""query"", ""target_path"", ""messages""]","[{""source"": ""step_01"", ""target"": ""step_02"", ""type"": ""state""}]",True,1,0,0,1,1,0.0,0,multiple_user_turn,False,0,0,False,1.0,1.0,0.0,0.0,0,False,False,False,0,False,none,none,,,,,,,,0.0,False,,0.0,success_criteria_satisfied,outputs/paper_final_freeze_20260424/toolsandbox_semantic_repair_official_v1/runs/run_01/traces/009_find_days_till_holiday_multiple_user_turn_a3_full_interaction.json
1,find_days_till_holiday_multiple_user_turn,a3_no_query,multiple_user_turn,t3_must_interact,multiple_user_turn,selection,"[""selection"", ""ordering"", ""recovery""]",step_02,rebind_or_switch_then_retry,,search_holiday,"[""query"", ""target_path"", ""messages""]","[{""source"": ""step_01"", ""target"": ""step_02"", ""type"": ""state""}]",True,1,0,0,0,1,0.0,0,multiple_user_turn,False,0,0,False,1.0,1.0,0.0,0.0,0,False,False,False,0,False,none,none,,,,,,,,0.0,False,,0.0,success_criteria_satisfied,outputs/paper_final_freeze_20260424/toolsandbox_semantic_repair_official_v1/runs/run_01/traces/009_find_days_till_holiday_multiple_user_turn_a3_no_query.json
1,find_days_till_holiday_multiple_user_turn,a3_noisy_user,multiple_user_turn,t3_must_interact,multiple_user_turn,selection,"[""selection"", ""ordering"", ""recovery""]",step_02,rebind_or_switch_then_retry,,search_holiday,"[""query"", ""target_path"", ""messages""]","[{""source"": ""step_01"", ""target"": ""step_02"", ""type"": ""state""}]",True,1,0,0,1,1,0.0,0,multiple_user_turn,False,0,0,False,1.0,1.0,0.0,0.0,0,False,False,False,0,False,none,none,,,,,,,,0.0,False,,0.0,success_criteria_satisfied,outputs/paper_final_freeze_20260424/toolsandbox_semantic_repair_official_v1/runs/run_01/traces/009_find_days_till_holiday_multiple_user_turn_a3_noisy_user.json
1,search_message_with_recency_latest_multiple_user_turn,a2_planner,multiple_user_turn,t3_must_interact,multiple_user_turn,ordering,"[""ordering"", ""recovery""]",step_02,replan_or_reroute_then_retry,,search_messages,"[""query"", ""target_path"", ""messages""]","[{""source"": ""step_01"", ""target"": ""step_02"", ""type"": ""state""}]",True,1,0,0,0,1,0.0,0,multiple_user_turn,False,0,0,False,0.0,0.0,0.0,0.0,0,False,False,False,0,False,none,none,,,,,,,,0.0,False,,0.0,success_criteria_satisfied,outputs/paper_final_freeze_20260424/toolsandbox_semantic_repair_official_v1/runs/run_01/traces/010_search_message_with_recency_latest_multiple_user_turn_a2_planner.json
1,search_message_with_recency_latest_multiple_user_turn,a3_full_interaction,multiple_user_turn,t3_must_interact,multiple_user_turn,ordering,"[""ordering"", ""recovery""]",step_02,replan_or_reroute_then_retry,,search_messages,"[""query"", ""target_path"", ""messages""]","[{""source"": ""step_01"", ""target"": ""step_02"", ""type"": ""state""}]",True,1,0,0,1,1,0.0,0,multiple_user_turn,False,0,0,False,1.0,1.0,0.0,0.0,0,False,False,False,0,False,none,none,,,,,,,,0.0,False,,0.0,success_criteria_satisfied,outputs/paper_final_freeze_20260424/toolsandbox_semantic_repair_official_v1/runs/run_01/traces/010_search_message_with_recency_latest_multiple_user_turn_a3_full_interaction.json
1,search_message_with_recency_latest_multiple_user_turn,a3_no_query,multiple_user_turn,t3_must_interact,multiple_user_turn,ordering,"[""ordering"", ""recovery""]",step_02,replan_or_reroute_then_retry,,search_messages,"[""query"", ""target_path"", ""messages""]","[{""source"": ""step_01"", ""target"": ""step_02"", ""type"": ""state""}]",True,1,0,0,0,1,0.0,0,multiple_user_turn,False,0,0,False,1.0,1.0,0.0,0.0,0,False,False,False,0,False,none,none,,,,,,,,0.0,False,,0.0,success_criteria_satisfied,outputs/paper_final_freeze_20260424/toolsandbox_semantic_repair_official_v1/runs/run_01/traces/010_search_message_with_recency_latest_multiple_user_turn_a3_no_query.json
1,search_message_with_recency_latest_multiple_user_turn,a3_noisy_user,multiple_user_turn,t3_must_interact,multiple_user_turn,ordering,"[""ordering"", ""recovery""]",step_02,replan_or_reroute_then_retry,,search_messages,"[""query"", ""target_path"", ""messages""]","[{""source"": ""step_01"", ""target"": ""step_02"", ""type"": ""state""}]",True,1,0,0,1,1,0.0,0,multiple_user_turn,False,0,0,False,1.0,1.0,0.0,0.0,0,False,False,False,0,False,none,none,,,,,,,,0.0,False,,0.0,success_criteria_satisfied,outputs/paper_final_freeze_20260424/toolsandbox_semantic_repair_official_v1/runs/run_01/traces/010_search_message_with_recency_latest_multiple_user_turn_a3_noisy_user.json
1,remove_contact_by_phone_no_remove_contact_insufficient_information,a2_planner,insufficient_information,t3_must_interact,insufficient_information,state,"[""state"", ""recovery""]",step_02,clarify_then_patch_then_retry,search_contacts,search_contacts,"[""query"", ""target_path"", ""messages"", ""user_clarification""]","[{""source"": ""step_01"", ""target"": ""step_02"", ""type"": ""state""}]",True,1,0,0,0,1,0.0,0,state_failure,False,0,0,False,0.0,0.0,0.0,0.0,0,False,False,False,0,False,none,none,,,,,,,,0.0,False,,0.0,success_criteria_satisfied,outputs/paper_final_freeze_20260424/toolsandbox_semantic_repair_official_v1/runs/run_01/traces/011_remove_contact_by_phone_no_remove_contact_insufficient_information_a2_planner.json
1,remove_contact_by_phone_no_remove_contact_insufficient_information,a3_full_interaction,insufficient_information,t3_must_interact,insufficient_information,state,"[""state"", ""recovery""]",step_02,clarify_then_patch_then_retry,search_contacts,search_contacts,"[""query"", ""target_path"", ""messages"", ""user_clarification""]","[{""source"": ""step_01"", ""target"": ""step_02"", ""type"": ""state""}]",True,1,0,0,1,1,0.0,0,state_failure,False,0,0,False,1.0,1.0,0.0,0.0,0,False,False,False,0,False,none,none,,,,,,,,0.0,False,,0.0,success_criteria_satisfied,outputs/paper_final_freeze_20260424/toolsandbox_semantic_repair_official_v1/runs/run_01/traces/011_remove_contact_by_phone_no_remove_contact_insufficient_information_a3_full_interaction.json
1,remove_contact_by_phone_no_remove_contact_insufficient_information,a3_no_query,insufficient_information,t3_must_interact,insufficient_information,state,"[""state"", ""recovery""]",step_02,clarify_then_patch_then_retry,search_contacts,search_contacts,"[""query"", ""target_path"", ""messages"", ""user_clarification""]","[{""source"": ""step_01"", ""target"": ""step_02"", ""type"": ""state""}]",True,1,0,0,0,1,0.0,0,state_failure,False,0,0,False,1.0,1.0,0.0,0.0,0,False,False,False,0,False,none,none,,,,,,,,0.0,False,,0.0,success_criteria_satisfied,outputs/paper_final_freeze_20260424/toolsandbox_semantic_repair_official_v1/runs/run_01/traces/011_remove_contact_by_phone_no_remove_contact_insufficient_information_a3_no_query.json
1,remove_contact_by_phone_no_remove_contact_insufficient_information,a3_noisy_user,insufficient_information,t3_must_interact,insufficient_information,state,"[""state"", ""recovery""]",step_02,clarify_then_patch_then_retry,search_contacts,search_contacts,"[""query"", ""target_path"", ""messages"", ""user_clarification""]","[{""source"": ""step_01"", ""target"": ""step_02"", ""type"": ""state""}]",True,1,0,0,1,1,0.0,0,state_failure,False,0,0,False,1.0,1.0,0.0,0.0,0,False,False,False,0,False,none,none,,,,,,,,0.0,False,,0.0,success_criteria_satisfied,outputs/paper_final_freeze_20260424/toolsandbox_semantic_repair_official_v1/runs/run_01/traces/011_remove_contact_by_phone_no_remove_contact_insufficient_information_a3_noisy_user.json
1,remove_contact_by_phone_no_remove_contact_insufficient_information_alt,a2_planner,insufficient_information,t3_must_interact,insufficient_information,state,"[""state"", ""recovery""]",step_02,clarify_then_patch_then_retry,search_contacts,search_contacts,"[""query"", ""target_path"", ""messages"", ""user_clarification""]","[{""source"": ""step_01"", ""target"": ""step_02"", ""type"": ""state""}]",True,1,0,0,0,1,0.0,0,state_failure,False,0,0,False,0.0,0.0,0.0,0.0,0,False,False,False,0,False,none,none,,,,,,,,0.0,False,,0.0,success_criteria_satisfied,outputs/paper_final_freeze_20260424/toolsandbox_semantic_repair_official_v1/runs/run_01/traces/012_remove_contact_by_phone_no_remove_contact_insufficient_information_alt_a2_planner.json
1,remove_contact_by_phone_no_remove_contact_insufficient_information_alt,a3_full_interaction,insufficient_information,t3_must_interact,insufficient_information,state,"[""state"", ""recovery""]",step_02,clarify_then_patch_then_retry,search_contacts,search_contacts,"[""query"", ""target_path"", ""messages"", ""user_clarification""]","[{""source"": ""step_01"", ""target"": ""step_02"", ""type"": ""state""}]",True,1,0,0,1,1,0.0,0,state_failure,False,0,0,False,1.0,1.0,0.0,0.0,0,False,False,False,0,False,none,none,,,,,,,,0.0,False,,0.0,success_criteria_satisfied,outputs/paper_final_freeze_20260424/toolsandbox_semantic_repair_official_v1/runs/run_01/traces/012_remove_contact_by_phone_no_remove_contact_insufficient_information_alt_a3_full_interaction.json
1,remove_contact_by_phone_no_remove_contact_insufficient_information_alt,a3_no_query,insufficient_information,t3_must_interact,insufficient_information,state,"[""state"", ""recovery""]",step_02,clarify_then_patch_then_retry,search_contacts,search_contacts,"[""query"", ""target_path"", ""messages"", ""user_clarification""]","[{""source"": ""step_01"", ""target"": ""step_02"", ""type"": ""state""}]",True,1,0,0,0,1,0.0,0,state_failure,False,0,0,False,1.0,1.0,0.0,0.0,0,False,False,False,0,False,none,none,,,,,,,,0.0,False,,0.0,success_criteria_satisfied,outputs/paper_final_freeze_20260424/toolsandbox_semantic_repair_official_v1/runs/run_01/traces/012_remove_contact_by_phone_no_remove_contact_insufficient_information_alt_a3_no_query.json
1,remove_contact_by_phone_no_remove_contact_insufficient_information_alt,a3_noisy_user,insufficient_information,t3_must_interact,insufficient_information,state,"[""state"", ""recovery""]",step_02,clarify_then_patch_then_retry,search_contacts,search_contacts,"[""query"", ""target_path"", ""messages"", ""user_clarification""]","[{""source"": ""step_01"", ""target"": ""step_02"", ""type"": ""state""}]",True,1,0,0,1,1,0.0,0,state_failure,False,0,0,False,1.0,1.0,0.0,0.0,0,False,False,False,0,False,none,none,,,,,,,,0.0,False,,0.0,success_criteria_satisfied,outputs/paper_final_freeze_20260424/toolsandbox_semantic_repair_official_v1/runs/run_01/traces/012_remove_contact_by_phone_no_remove_contact_insufficient_information_alt_a3_noisy_user.json
2,turn_on_cellular_low_battery_mode,a2_planner,state_failure,t1_static_recovery,state_failure,state,"[""state""]",step_02,patch_state_then_retry,,search_tool,"[""query"", ""target_path"", ""messages"", ""retrieved_info"", ""artifact_ready""]","[{""source"": ""step_01"", ""target"": ""step_02"", ""type"": ""state""}]",False,1,0,1,0,2,0.0,0,state_failure,False,0,0,False,0.0,0.0,0.0,0.0,0,False,False,False,0,False,none,none,,,,,,,,0.0,False,,1.0,awaiting_user_interaction,outputs/paper_final_freeze_20260424/toolsandbox_semantic_repair_official_v1/runs/run_02/traces/001_turn_on_cellular_low_battery_mode_a2_planner.json
2,turn_on_cellular_low_battery_mode,a3_full_interaction,state_failure,t1_static_recovery,state_failure,state,"[""state""]",step_02,patch_state_then_retry,,write_tool,"[""query"", ""target_path"", ""messages"", ""retrieved_info"", ""artifact_ready""]","[{""source"": ""step_01"", ""target"": ""step_02"", ""type"": ""state""}]",True,2,0,1,1,2,0.0,0,state_failure,True,1,1,True,1.0,1.0,0.0,1.0,0,False,False,True,0,False,none,none,,,,,,,,0.0,False,,1.0,success_criteria_satisfied,outputs/paper_final_freeze_20260424/toolsandbox_semantic_repair_official_v1/runs/run_02/traces/001_turn_on_cellular_low_battery_mode_a3_full_interaction.json
2,turn_on_cellular_low_battery_mode,a3_no_query,state_failure,t1_static_recovery,state_failure,state,"[""state""]",step_02,patch_state_then_retry,,search_tool,"[""query"", ""target_path"", ""messages"", ""retrieved_info"", ""artifact_ready""]","[{""source"": ""step_01"", ""target"": ""step_02"", ""type"": ""state""}]",False,1,0,1,0,2,0.0,0,state_failure,False,0,0,False,1.0,1.0,0.0,0.0,0,False,False,False,0,False,none,none,,,,,,,,0.0,False,,1.0,query_disabled,outputs/paper_final_freeze_20260424/toolsandbox_semantic_repair_official_v1/runs/run_02/traces/001_turn_on_cellular_low_battery_mode_a3_no_query.json
2,turn_on_cellular_low_battery_mode,a3_noisy_user,state_failure,t1_static_recovery,state_failure,state,"[""state""]",step_02,patch_state_then_retry,,search_tool,"[""query"", ""target_path"", ""messages"", ""retrieved_info"", ""artifact_ready""]","[{""source"": ""step_01"", ""target"": ""step_02"", ""type"": ""state""}]",False,1,0,2,1,2,0.0,0,state_failure,False,0,1,True,1.0,1.0,0.0,0.0,1,False,False,False,0,False,none,none,,,,,,,,0.0,False,,1.0,repeat_failure_abort,outputs/paper_final_freeze_20260424/toolsandbox_semantic_repair_official_v1/runs/run_02/traces/001_turn_on_cellular_low_battery_mode_a3_noisy_user.json
2,turn_on_cellular_low_battery_mode_implicit,a2_planner,state_failure,t1_static_recovery,state_failure,state,"[""state""]",step_02,patch_state_then_retry,,search_tool,"[""query"", ""target_path"", ""messages"", ""retrieved_info"", ""artifact_ready""]","[{""source"": ""step_01"", ""target"": ""step_02"", ""type"": ""state""}]",False,1,0,1,0,2,0.0,0,state_failure,False,0,0,False,0.0,0.0,0.0,0.0,0,False,False,False,0,False,none,none,,,,,,,,0.0,False,,1.0,awaiting_user_interaction,outputs/paper_final_freeze_20260424/toolsandbox_semantic_repair_official_v1/runs/run_02/traces/002_turn_on_cellular_low_battery_mode_implicit_a2_planner.json
2,turn_on_cellular_low_battery_mode_implicit,a3_full_interaction,state_failure,t1_static_recovery,state_failure,state,"[""state""]",step_02,patch_state_then_retry,,write_tool,"[""query"", ""target_path"", ""messages"", ""retrieved_info"", ""artifact_ready""]","[{""source"": ""step_01"", ""target"": ""step_02"", ""type"": ""state""}]",True,2,0,1,1,2,0.0,0,state_failure,True,1,1,True,1.0,1.0,0.0,1.0,0,False,False,True,0,False,none,none,,,,,,,,0.0,False,,1.0,success_criteria_satisfied,outputs/paper_final_freeze_20260424/toolsandbox_semantic_repair_official_v1/runs/run_02/traces/002_turn_on_cellular_low_battery_mode_implicit_a3_full_interaction.json
2,turn_on_cellular_low_battery_mode_implicit,a3_no_query,state_failure,t1_static_recovery,state_failure,state,"[""state""]",step_02,patch_state_then_retry,,search_tool,"[""query"", ""target_path"", ""messages"", ""retrieved_info"", ""artifact_ready""]","[{""source"": ""step_01"", ""target"": ""step_02"", ""type"": ""state""}]",False,1,0,1,0,2,0.0,0,state_failure,False,0,0,False,1.0,1.0,0.0,0.0,0,False,False,False,0,False,none,none,,,,,,,,0.0,False,,1.0,query_disabled,outputs/paper_final_freeze_20260424/toolsandbox_semantic_repair_official_v1/runs/run_02/traces/002_turn_on_cellular_low_battery_mode_implicit_a3_no_query.json
2,turn_on_cellular_low_battery_mode_implicit,a3_noisy_user,state_failure,t1_static_recovery,state_failure,state,"[""state""]",step_02,patch_state_then_retry,,search_tool,"[""query"", ""target_path"", ""messages"", ""retrieved_info"", ""artifact_ready""]","[{""source"": ""step_01"", ""target"": ""step_02"", ""type"": ""state""}]",False,1,0,2,1,2,0.0,0,state_failure,False,0,1,True,1.0,1.0,0.0,0.0,1,False,False,False,0,False,none,none,,,,,,,,0.0,False,,1.0,repeat_failure_abort,outputs/paper_final_freeze_20260424/toolsandbox_semantic_repair_official_v1/runs/run_02/traces/002_turn_on_cellular_low_battery_mode_implicit_a3_noisy_user.json
2,turn_on_location_low_battery_mode,a2_planner,state_failure,t1_static_recovery,state_failure,state,"[""state""]",step_02,patch_state_then_retry,,search_tool,"[""query"", ""target_path"", ""messages"", ""retrieved_info"", ""artifact_ready""]","[{""source"": ""step_01"", ""target"": ""step_02"", ""type"": ""state""}]",False,1,0,1,0,2,0.0,0,state_failure,False,0,0,False,0.0,0.0,0.0,0.0,0,False,False,False,0,False,none,none,,,,,,,,0.0,False,,1.0,awaiting_user_interaction,outputs/paper_final_freeze_20260424/toolsandbox_semantic_repair_official_v1/runs/run_02/traces/003_turn_on_location_low_battery_mode_a2_planner.json
2,turn_on_location_low_battery_mode,a3_full_interaction,state_failure,t1_static_recovery,state_failure,state,"[""state""]",step_02,patch_state_then_retry,,write_tool,"[""query"", ""target_path"", ""messages"", ""retrieved_info"", ""artifact_ready""]","[{""source"": ""step_01"", ""target"": ""step_02"", ""type"": ""state""}]",True,2,0,1,1,2,0.0,0,state_failure,True,1,1,True,1.0,1.0,0.0,1.0,0,False,False,True,0,False,none,none,,,,,,,,0.0,False,,1.0,success_criteria_satisfied,outputs/paper_final_freeze_20260424/toolsandbox_semantic_repair_official_v1/runs/run_02/traces/003_turn_on_location_low_battery_mode_a3_full_interaction.json
2,turn_on_location_low_battery_mode,a3_no_query,state_failure,t1_static_recovery,state_failure,state,"[""state""]",step_02,patch_state_then_retry,,search_tool,"[""query"", ""target_path"", ""messages"", ""retrieved_info"", ""artifact_ready""]","[{""source"": ""step_01"", ""target"": ""step_02"", ""type"": ""state""}]",False,1,0,1,0,2,0.0,0,state_failure,False,0,0,False,1.0,1.0,0.0,0.0,0,False,False,False,0,False,none,none,,,,,,,,0.0,False,,1.0,query_disabled,outputs/paper_final_freeze_20260424/toolsandbox_semantic_repair_official_v1/runs/run_02/traces/003_turn_on_location_low_battery_mode_a3_no_query.json
2,turn_on_location_low_battery_mode,a3_noisy_user,state_failure,t1_static_recovery,state_failure,state,"[""state""]",step_02,patch_state_then_retry,,search_tool,"[""query"", ""target_path"", ""messages"", ""retrieved_info"", ""artifact_ready""]","[{""source"": ""step_01"", ""target"": ""step_02"", ""type"": ""state""}]",False,1,0,2,1,2,0.0,0,state_failure,False,0,1,True,1.0,1.0,0.0,0.0,1,False,False,False,0,False,none,none,,,,,,,,0.0,False,,1.0,repeat_failure_abort,outputs/paper_final_freeze_20260424/toolsandbox_semantic_repair_official_v1/runs/run_02/traces/003_turn_on_location_low_battery_mode_a3_noisy_user.json
2,turn_on_location_low_battery_mode_implicit,a2_planner,state_failure,t1_static_recovery,state_failure,state,"[""state""]",step_02,patch_state_then_retry,,search_tool,"[""query"", ""target_path"", ""messages"", ""retrieved_info"", ""artifact_ready""]","[{""source"": ""step_01"", ""target"": ""step_02"", ""type"": ""state""}]",False,1,0,1,0,2,0.0,0,state_failure,False,0,0,False,0.0,0.0,0.0,0.0,0,False,False,False,0,False,none,none,,,,,,,,0.0,False,,1.0,awaiting_user_interaction,outputs/paper_final_freeze_20260424/toolsandbox_semantic_repair_official_v1/runs/run_02/traces/004_turn_on_location_low_battery_mode_implicit_a2_planner.json
2,turn_on_location_low_battery_mode_implicit,a3_full_interaction,state_failure,t1_static_recovery,state_failure,state,"[""state""]",step_02,patch_state_then_retry,,write_tool,"[""query"", ""target_path"", ""messages"", ""retrieved_info"", ""artifact_ready""]","[{""source"": ""step_01"", ""target"": ""step_02"", ""type"": ""state""}]",True,2,0,1,1,2,0.0,0,state_failure,True,1,1,True,1.0,1.0,0.0,1.0,0,False,False,True,0,False,none,none,,,,,,,,0.0,False,,1.0,success_criteria_satisfied,outputs/paper_final_freeze_20260424/toolsandbox_semantic_repair_official_v1/runs/run_02/traces/004_turn_on_location_low_battery_mode_implicit_a3_full_interaction.json
2,turn_on_location_low_battery_mode_implicit,a3_no_query,state_failure,t1_static_recovery,state_failure,state,"[""state""]",step_02,patch_state_then_retry,,search_tool,"[""query"", ""target_path"", ""messages"", ""retrieved_info"", ""artifact_ready""]","[{""source"": ""step_01"", ""target"": ""step_02"", ""type"": ""state""}]",False,1,0,1,0,2,0.0,0,state_failure,False,0,0,False,1.0,1.0,0.0,0.0,0,False,False,False,0,False,none,none,,,,,,,,0.0,False,,1.0,query_disabled,outputs/paper_final_freeze_20260424/toolsandbox_semantic_repair_official_v1/runs/run_02/traces/004_turn_on_location_low_battery_mode_implicit_a3_no_query.json
2,turn_on_location_low_battery_mode_implicit,a3_noisy_user,state_failure,t1_static_recovery,state_failure,state,"[""state""]",step_02,patch_state_then_retry,,search_tool,"[""query"", ""target_path"", ""messages"", ""retrieved_info"", ""artifact_ready""]","[{""source"": ""step_01"", ""target"": ""step_02"", ""type"": ""state""}]",False,1,0,2,1,2,0.0,0,state_failure,False,0,1,True,1.0,1.0,0.0,0.0,1,False,False,False,0,False,none,none,,,,,,,,0.0,False,,1.0,repeat_failure_abort,outputs/paper_final_freeze_20260424/toolsandbox_semantic_repair_official_v1/runs/run_02/traces/004_turn_on_location_low_battery_mode_implicit_a3_noisy_user.json
2,turn_on_wifi_low_battery_mode,a2_planner,state_failure,t1_static_recovery,state_failure,state,"[""state""]",step_02,patch_state_then_retry,,search_tool,"[""query"", ""target_path"", ""messages"", ""retrieved_info"", ""artifact_ready""]","[{""source"": ""step_01"", ""target"": ""step_02"", ""type"": ""state""}]",False,1,0,1,0,2,0.0,0,state_failure,False,0,0,False,0.0,0.0,0.0,0.0,0,False,False,False,0,False,none,none,,,,,,,,0.0,False,,1.0,awaiting_user_interaction,outputs/paper_final_freeze_20260424/toolsandbox_semantic_repair_official_v1/runs/run_02/traces/005_turn_on_wifi_low_battery_mode_a2_planner.json
2,turn_on_wifi_low_battery_mode,a3_full_interaction,state_failure,t1_static_recovery,state_failure,state,"[""state""]",step_02,patch_state_then_retry,,write_tool,"[""query"", ""target_path"", ""messages"", ""retrieved_info"", ""artifact_ready""]","[{""source"": ""step_01"", ""target"": ""step_02"", ""type"": ""state""}]",True,2,0,1,1,2,0.0,0,state_failure,True,1,1,True,1.0,1.0,0.0,1.0,0,False,False,True,0,False,none,none,,,,,,,,0.0,False,,1.0,success_criteria_satisfied,outputs/paper_final_freeze_20260424/toolsandbox_semantic_repair_official_v1/runs/run_02/traces/005_turn_on_wifi_low_battery_mode_a3_full_interaction.json
2,turn_on_wifi_low_battery_mode,a3_no_query,state_failure,t1_static_recovery,state_failure,state,"[""state""]",step_02,patch_state_then_retry,,search_tool,"[""query"", ""target_path"", ""messages"", ""retrieved_info"", ""artifact_ready""]","[{""source"": ""step_01"", ""target"": ""step_02"", ""type"": ""state""}]",False,1,0,1,0,2,0.0,0,state_failure,False,0,0,False,1.0,1.0,0.0,0.0,0,False,False,False,0,False,none,none,,,,,,,,0.0,False,,1.0,query_disabled,outputs/paper_final_freeze_20260424/toolsandbox_semantic_repair_official_v1/runs/run_02/traces/005_turn_on_wifi_low_battery_mode_a3_no_query.json
2,turn_on_wifi_low_battery_mode,a3_noisy_user,state_failure,t1_static_recovery,state_failure,state,"[""state""]",step_02,patch_state_then_retry,,search_tool,"[""query"", ""target_path"", ""messages"", ""retrieved_info"", ""artifact_ready""]","[{""source"": ""step_01"", ""target"": ""step_02"", ""type"": ""state""}]",False,1,0,2,1,2,0.0,0,state_failure,False,0,1,True,1.0,1.0,0.0,0.0,1,False,False,False,0,False,none,none,,,,,,,,0.0,False,,1.0,repeat_failure_abort,outputs/paper_final_freeze_20260424/toolsandbox_semantic_repair_official_v1/runs/run_02/traces/005_turn_on_wifi_low_battery_mode_a3_noisy_user.json
2,turn_on_wifi_low_battery_mode_implicit,a2_planner,state_failure,t1_static_recovery,state_failure,state,"[""state""]",step_02,patch_state_then_retry,,search_tool,"[""query"", ""target_path"", ""messages"", ""retrieved_info"", ""artifact_ready""]","[{""source"": ""step_01"", ""target"": ""step_02"", ""type"": ""state""}]",False,1,0,1,0,2,0.0,0,state_failure,False,0,0,False,0.0,0.0,0.0,0.0,0,False,False,False,0,False,none,none,,,,,,,,0.0,False,,1.0,awaiting_user_interaction,outputs/paper_final_freeze_20260424/toolsandbox_semantic_repair_official_v1/runs/run_02/traces/006_turn_on_wifi_low_battery_mode_implicit_a2_planner.json
2,turn_on_wifi_low_battery_mode_implicit,a3_full_interaction,state_failure,t1_static_recovery,state_failure,state,"[""state""]",step_02,patch_state_then_retry,,write_tool,"[""query"", ""target_path"", ""messages"", ""retrieved_info"", ""artifact_ready""]","[{""source"": ""step_01"", ""target"": ""step_02"", ""type"": ""state""}]",True,2,0,1,1,2,0.0,0,state_failure,True,1,1,True,1.0,1.0,0.0,1.0,0,False,False,True,0,False,none,none,,,,,,,,0.0,False,,1.0,success_criteria_satisfied,outputs/paper_final_freeze_20260424/toolsandbox_semantic_repair_official_v1/runs/run_02/traces/006_turn_on_wifi_low_battery_mode_implicit_a3_full_interaction.json
2,turn_on_wifi_low_battery_mode_implicit,a3_no_query,state_failure,t1_static_recovery,state_failure,state,"[""state""]",step_02,patch_state_then_retry,,search_tool,"[""query"", ""target_path"", ""messages"", ""retrieved_info"", ""artifact_ready""]","[{""source"": ""step_01"", ""target"": ""step_02"", ""type"": ""state""}]",False,1,0,1,0,2,0.0,0,state_failure,False,0,0,False,1.0,1.0,0.0,0.0,0,False,False,False,0,False,none,none,,,,,,,,0.0,False,,1.0,query_disabled,outputs/paper_final_freeze_20260424/toolsandbox_semantic_repair_official_v1/runs/run_02/traces/006_turn_on_wifi_low_battery_mode_implicit_a3_no_query.json
2,turn_on_wifi_low_battery_mode_implicit,a3_noisy_user,state_failure,t1_static_recovery,state_failure,state,"[""state""]",step_02,patch_state_then_retry,,search_tool,"[""query"", ""target_path"", ""messages"", ""retrieved_info"", ""artifact_ready""]","[{""source"": ""step_01"", ""target"": ""step_02"", ""type"": ""state""}]",False,1,0,2,1,2,0.0,0,state_failure,False,0,1,True,1.0,1.0,0.0,0.0,1,False,False,False,0,False,none,none,,,,,,,,0.0,False,,1.0,repeat_failure_abort,outputs/paper_final_freeze_20260424/toolsandbox_semantic_repair_official_v1/runs/run_02/traces/006_turn_on_wifi_low_battery_mode_implicit_a3_noisy_user.json
2,add_reminder_content_and_date_and_time_multiple_user_turn,a2_planner,multiple_user_turn,t3_must_interact,multiple_user_turn,selection,"[""selection"", ""ordering"", ""recovery""]",step_02,rebind_or_switch_then_retry,,write_tool,"[""query"", ""target_path"", ""messages""]","[{""source"": ""step_01"", ""target"": ""step_02"", ""type"": ""state""}]",True,2,0,0,0,2,0.0,0,multiple_user_turn,False,0,0,False,0.0,0.0,0.0,0.0,0,False,False,False,0,False,none,none,,,,,,,,0.0,False,,0.0,success_criteria_satisfied,outputs/paper_final_freeze_20260424/toolsandbox_semantic_repair_official_v1/runs/run_02/traces/007_add_reminder_content_and_date_and_time_multiple_user_turn_a2_planner.json
2,add_reminder_content_and_date_and_time_multiple_user_turn,a3_full_interaction,multiple_user_turn,t3_must_interact,multiple_user_turn,selection,"[""selection"", ""ordering"", ""recovery""]",step_02,rebind_or_switch_then_retry,,write_tool,"[""query"", ""target_path"", ""messages""]","[{""source"": ""step_01"", ""target"": ""step_02"", ""type"": ""state""}]",True,2,0,0,1,2,0.0,0,multiple_user_turn,False,0,0,False,1.0,1.0,0.0,0.0,0,False,False,False,0,False,none,none,,,,,,,,0.0,False,,0.0,success_criteria_satisfied,outputs/paper_final_freeze_20260424/toolsandbox_semantic_repair_official_v1/runs/run_02/traces/007_add_reminder_content_and_date_and_time_multiple_user_turn_a3_full_interaction.json
2,add_reminder_content_and_date_and_time_multiple_user_turn,a3_no_query,multiple_user_turn,t3_must_interact,multiple_user_turn,selection,"[""selection"", ""ordering"", ""recovery""]",step_02,rebind_or_switch_then_retry,,write_tool,"[""query"", ""target_path"", ""messages""]","[{""source"": ""step_01"", ""target"": ""step_02"", ""type"": ""state""}]",True,2,0,0,0,2,0.0,0,multiple_user_turn,False,0,0,False,1.0,1.0,0.0,0.0,0,False,False,False,0,False,none,none,,,,,,,,0.0,False,,0.0,success_criteria_satisfied,outputs/paper_final_freeze_20260424/toolsandbox_semantic_repair_official_v1/runs/run_02/traces/007_add_reminder_content_and_date_and_time_multiple_user_turn_a3_no_query.json
2,add_reminder_content_and_date_and_time_multiple_user_turn,a3_noisy_user,multiple_user_turn,t3_must_interact,multiple_user_turn,selection,"[""selection"", ""ordering"", ""recovery""]",step_02,rebind_or_switch_then_retry,,write_tool,"[""query"", ""target_path"", ""messages""]","[{""source"": ""step_01"", ""target"": ""step_02"", ""type"": ""state""}]",True,2,0,0,1,2,0.0,0,multiple_user_turn,False,0,0,False,1.0,1.0,0.0,0.0,0,False,False,False,0,False,none,none,,,,,,,,0.0,False,,0.0,success_criteria_satisfied,outputs/paper_final_freeze_20260424/toolsandbox_semantic_repair_official_v1/runs/run_02/traces/007_add_reminder_content_and_date_and_time_multiple_user_turn_a3_noisy_user.json
2,add_reminder_content_and_week_delta_and_time_multiple_user_turn,a2_planner,multiple_user_turn,t3_must_interact,multiple_user_turn,selection,"[""selection"", ""ordering"", ""recovery""]",step_02,rebind_or_switch_then_retry,,get_current_timestamp,"[""query"", ""target_path"", ""messages""]","[{""source"": ""step_01"", ""target"": ""step_02"", ""type"": ""state""}]",True,1,0,0,0,1,0.0,0,multiple_user_turn,False,0,0,False,0.0,0.0,0.0,0.0,0,False,False,False,0,False,none,none,,,,,,,,0.0,False,,0.0,success_criteria_satisfied,outputs/paper_final_freeze_20260424/toolsandbox_semantic_repair_official_v1/runs/run_02/traces/008_add_reminder_content_and_week_delta_and_time_multiple_user_turn_a2_planner.json
2,add_reminder_content_and_week_delta_and_time_multiple_user_turn,a3_full_interaction,multiple_user_turn,t3_must_interact,multiple_user_turn,selection,"[""selection"", ""ordering"", ""recovery""]",step_02,rebind_or_switch_then_retry,,get_current_timestamp,"[""query"", ""target_path"", ""messages""]","[{""source"": ""step_01"", ""target"": ""step_02"", ""type"": ""state""}]",True,1,0,0,1,1,0.0,0,multiple_user_turn,False,0,0,False,1.0,1.0,0.0,0.0,0,False,False,False,0,False,none,none,,,,,,,,0.0,False,,0.0,success_criteria_satisfied,outputs/paper_final_freeze_20260424/toolsandbox_semantic_repair_official_v1/runs/run_02/traces/008_add_reminder_content_and_week_delta_and_time_multiple_user_turn_a3_full_interaction.json
2,add_reminder_content_and_week_delta_and_time_multiple_user_turn,a3_no_query,multiple_user_turn,t3_must_interact,multiple_user_turn,selection,"[""selection"", ""ordering"", ""recovery""]",step_02,rebind_or_switch_then_retry,,get_current_timestamp,"[""query"", ""target_path"", ""messages""]","[{""source"": ""step_01"", ""target"": ""step_02"", ""type"": ""state""}]",True,1,0,0,0,1,0.0,0,multiple_user_turn,False,0,0,False,1.0,1.0,0.0,0.0,0,False,False,False,0,False,none,none,,,,,,,,0.0,False,,0.0,success_criteria_satisfied,outputs/paper_final_freeze_20260424/toolsandbox_semantic_repair_official_v1/runs/run_02/traces/008_add_reminder_content_and_week_delta_and_time_multiple_user_turn_a3_no_query.json
2,add_reminder_content_and_week_delta_and_time_multiple_user_turn,a3_noisy_user,multiple_user_turn,t3_must_interact,multiple_user_turn,selection,"[""selection"", ""ordering"", ""recovery""]",step_02,rebind_or_switch_then_retry,,get_current_timestamp,"[""query"", ""target_path"", ""messages""]","[{""source"": ""step_01"", ""target"": ""step_02"", ""type"": ""state""}]",True,1,0,0,1,1,0.0,0,multiple_user_turn,False,0,0,False,1.0,1.0,0.0,0.0,0,False,False,False,0,False,none,none,,,,,,,,0.0,False,,0.0,success_criteria_satisfied,outputs/paper_final_freeze_20260424/toolsandbox_semantic_repair_official_v1/runs/run_02/traces/008_add_reminder_content_and_week_delta_and_time_multiple_user_turn_a3_noisy_user.json
2,find_days_till_holiday_multiple_user_turn,a2_planner,multiple_user_turn,t3_must_interact,multiple_user_turn,selection,"[""selection"", ""ordering"", ""recovery""]",step_02,rebind_or_switch_then_retry,,search_holiday,"[""query"", ""target_path"", ""messages""]","[{""source"": ""step_01"", ""target"": ""step_02"", ""type"": ""state""}]",True,1,0,0,0,1,0.0,0,multiple_user_turn,False,0,0,False,0.0,0.0,0.0,0.0,0,False,False,False,0,False,none,none,,,,,,,,0.0,False,,0.0,success_criteria_satisfied,outputs/paper_final_freeze_20260424/toolsandbox_semantic_repair_official_v1/runs/run_02/traces/009_find_days_till_holiday_multiple_user_turn_a2_planner.json
2,find_days_till_holiday_multiple_user_turn,a3_full_interaction,multiple_user_turn,t3_must_interact,multiple_user_turn,selection,"[""selection"", ""ordering"", ""recovery""]",step_02,rebind_or_switch_then_retry,,search_holiday,"[""query"", ""target_path"", ""messages""]","[{""source"": ""step_01"", ""target"": ""step_02"", ""type"": ""state""}]",True,1,0,0,1,1,0.0,0,multiple_user_turn,False,0,0,False,1.0,1.0,0.0,0.0,0,False,False,False,0,False,none,none,,,,,,,,0.0,False,,0.0,success_criteria_satisfied,outputs/paper_final_freeze_20260424/toolsandbox_semantic_repair_official_v1/runs/run_02/traces/009_find_days_till_holiday_multiple_user_turn_a3_full_interaction.json
2,find_days_till_holiday_multiple_user_turn,a3_no_query,multiple_user_turn,t3_must_interact,multiple_user_turn,selection,"[""selection"", ""ordering"", ""recovery""]",step_02,rebind_or_switch_then_retry,,search_holiday,"[""query"", ""target_path"", ""messages""]","[{""source"": ""step_01"", ""target"": ""step_02"", ""type"": ""state""}]",True,1,0,0,0,1,0.0,0,multiple_user_turn,False,0,0,False,1.0,1.0,0.0,0.0,0,False,False,False,0,False,none,none,,,,,,,,0.0,False,,0.0,success_criteria_satisfied,outputs/paper_final_freeze_20260424/toolsandbox_semantic_repair_official_v1/runs/run_02/traces/009_find_days_till_holiday_multiple_user_turn_a3_no_query.json
2,find_days_till_holiday_multiple_user_turn,a3_noisy_user,multiple_user_turn,t3_must_interact,multiple_user_turn,selection,"[""selection"", ""ordering"", ""recovery""]",step_02,rebind_or_switch_then_retry,,search_holiday,"[""query"", ""target_path"", ""messages""]","[{""source"": ""step_01"", ""target"": ""step_02"", ""type"": ""state""}]",True,1,0,0,1,1,0.0,0,multiple_user_turn,False,0,0,False,1.0,1.0,0.0,0.0,0,False,False,False,0,False,none,none,,,,,,,,0.0,False,,0.0,success_criteria_satisfied,outputs/paper_final_freeze_20260424/toolsandbox_semantic_repair_official_v1/runs/run_02/traces/009_find_days_till_holiday_multiple_user_turn_a3_noisy_user.json
2,search_message_with_recency_latest_multiple_user_turn,a2_planner,multiple_user_turn,t3_must_interact,multiple_user_turn,ordering,"[""ordering"", ""recovery""]",step_02,replan_or_reroute_then_retry,,search_messages,"[""query"", ""target_path"", ""messages""]","[{""source"": ""step_01"", ""target"": ""step_02"", ""type"": ""state""}]",True,1,0,0,0,1,0.0,0,multiple_user_turn,False,0,0,False,0.0,0.0,0.0,0.0,0,False,False,False,0,False,none,none,,,,,,,,0.0,False,,0.0,success_criteria_satisfied,outputs/paper_final_freeze_20260424/toolsandbox_semantic_repair_official_v1/runs/run_02/traces/010_search_message_with_recency_latest_multiple_user_turn_a2_planner.json
2,search_message_with_recency_latest_multiple_user_turn,a3_full_interaction,multiple_user_turn,t3_must_interact,multiple_user_turn,ordering,"[""ordering"", ""recovery""]",step_02,replan_or_reroute_then_retry,,search_messages,"[""query"", ""target_path"", ""messages""]","[{""source"": ""step_01"", ""target"": ""step_02"", ""type"": ""state""}]",True,1,0,0,1,1,0.0,0,multiple_user_turn,False,0,0,False,1.0,1.0,0.0,0.0,0,False,False,False,0,False,none,none,,,,,,,,0.0,False,,0.0,success_criteria_satisfied,outputs/paper_final_freeze_20260424/toolsandbox_semantic_repair_official_v1/runs/run_02/traces/010_search_message_with_recency_latest_multiple_user_turn_a3_full_interaction.json
2,search_message_with_recency_latest_multiple_user_turn,a3_no_query,multiple_user_turn,t3_must_interact,multiple_user_turn,ordering,"[""ordering"", ""recovery""]",step_02,replan_or_reroute_then_retry,,search_messages,"[""query"", ""target_path"", ""messages""]","[{""source"": ""step_01"", ""target"": ""step_02"", ""type"": ""state""}]",True,1,0,0,0,1,0.0,0,multiple_user_turn,False,0,0,False,1.0,1.0,0.0,0.0,0,False,False,False,0,False,none,none,,,,,,,,0.0,False,,0.0,success_criteria_satisfied,outputs/paper_final_freeze_20260424/toolsandbox_semantic_repair_official_v1/runs/run_02/traces/010_search_message_with_recency_latest_multiple_user_turn_a3_no_query.json
2,search_message_with_recency_latest_multiple_user_turn,a3_noisy_user,multiple_user_turn,t3_must_interact,multiple_user_turn,ordering,"[""ordering"", ""recovery""]",step_02,replan_or_reroute_then_retry,,search_messages,"[""query"", ""target_path"", ""messages""]","[{""source"": ""step_01"", ""target"": ""step_02"", ""type"": ""state""}]",True,1,0,0,1,1,0.0,0,multiple_user_turn,False,0,0,False,1.0,1.0,0.0,0.0,0,False,False,False,0,False,none,none,,,,,,,,0.0,False,,0.0,success_criteria_satisfied,outputs/paper_final_freeze_20260424/toolsandbox_semantic_repair_official_v1/runs/run_02/traces/010_search_message_with_recency_latest_multiple_user_turn_a3_noisy_user.json
2,remove_contact_by_phone_no_remove_contact_insufficient_information,a2_planner,insufficient_information,t3_must_interact,insufficient_information,state,"[""state"", ""recovery""]",step_02,clarify_then_patch_then_retry,search_contacts,search_contacts,"[""query"", ""target_path"", ""messages"", ""user_clarification""]","[{""source"": ""step_01"", ""target"": ""step_02"", ""type"": ""state""}]",True,1,0,0,0,1,0.0,0,state_failure,False,0,0,False,0.0,0.0,0.0,0.0,0,False,False,False,0,False,none,none,,,,,,,,0.0,False,,0.0,success_criteria_satisfied,outputs/paper_final_freeze_20260424/toolsandbox_semantic_repair_official_v1/runs/run_02/traces/011_remove_contact_by_phone_no_remove_contact_insufficient_information_a2_planner.json
2,remove_contact_by_phone_no_remove_contact_insufficient_information,a3_full_interaction,insufficient_information,t3_must_interact,insufficient_information,state,"[""state"", ""recovery""]",step_02,clarify_then_patch_then_retry,search_contacts,search_contacts,"[""query"", ""target_path"", ""messages"", ""user_clarification""]","[{""source"": ""step_01"", ""target"": ""step_02"", ""type"": ""state""}]",True,1,0,0,1,1,0.0,0,state_failure,False,0,0,False,1.0,1.0,0.0,0.0,0,False,False,False,0,False,none,none,,,,,,,,0.0,False,,0.0,success_criteria_satisfied,outputs/paper_final_freeze_20260424/toolsandbox_semantic_repair_official_v1/runs/run_02/traces/011_remove_contact_by_phone_no_remove_contact_insufficient_information_a3_full_interaction.json
2,remove_contact_by_phone_no_remove_contact_insufficient_information,a3_no_query,insufficient_information,t3_must_interact,insufficient_information,state,"[""state"", ""recovery""]",step_02,clarify_then_patch_then_retry,search_contacts,search_contacts,"[""query"", ""target_path"", ""messages"", ""user_clarification""]","[{""source"": ""step_01"", ""target"": ""step_02"", ""type"": ""state""}]",True,1,0,0,0,1,0.0,0,state_failure,False,0,0,False,1.0,1.0,0.0,0.0,0,False,False,False,0,False,none,none,,,,,,,,0.0,False,,0.0,success_criteria_satisfied,outputs/paper_final_freeze_20260424/toolsandbox_semantic_repair_official_v1/runs/run_02/traces/011_remove_contact_by_phone_no_remove_contact_insufficient_information_a3_no_query.json
2,remove_contact_by_phone_no_remove_contact_insufficient_information,a3_noisy_user,insufficient_information,t3_must_interact,insufficient_information,state,"[""state"", ""recovery""]",step_02,clarify_then_patch_then_retry,search_contacts,search_contacts,"[""query"", ""target_path"", ""messages"", ""user_clarification""]","[{""source"": ""step_01"", ""target"": ""step_02"", ""type"": ""state""}]",True,1,0,0,1,1,0.0,0,state_failure,False,0,0,False,1.0,1.0,0.0,0.0,0,False,False,False,0,False,none,none,,,,,,,,0.0,False,,0.0,success_criteria_satisfied,outputs/paper_final_freeze_20260424/toolsandbox_semantic_repair_official_v1/runs/run_02/traces/011_remove_contact_by_phone_no_remove_contact_insufficient_information_a3_noisy_user.json
2,remove_contact_by_phone_no_remove_contact_insufficient_information_alt,a2_planner,insufficient_information,t3_must_interact,insufficient_information,state,"[""state"", ""recovery""]",step_02,clarify_then_patch_then_retry,search_contacts,search_contacts,"[""query"", ""target_path"", ""messages"", ""user_clarification""]","[{""source"": ""step_01"", ""target"": ""step_02"", ""type"": ""state""}]",True,1,0,0,0,1,0.0,0,state_failure,False,0,0,False,0.0,0.0,0.0,0.0,0,False,False,False,0,False,none,none,,,,,,,,0.0,False,,0.0,success_criteria_satisfied,outputs/paper_final_freeze_20260424/toolsandbox_semantic_repair_official_v1/runs/run_02/traces/012_remove_contact_by_phone_no_remove_contact_insufficient_information_alt_a2_planner.json
2,remove_contact_by_phone_no_remove_contact_insufficient_information_alt,a3_full_interaction,insufficient_information,t3_must_interact,insufficient_information,state,"[""state"", ""recovery""]",step_02,clarify_then_patch_then_retry,search_contacts,search_contacts,"[""query"", ""target_path"", ""messages"", ""user_clarification""]","[{""source"": ""step_01"", ""target"": ""step_02"", ""type"": ""state""}]",True,1,0,0,1,1,0.0,0,state_failure,False,0,0,False,1.0,1.0,0.0,0.0,0,False,False,False,0,False,none,none,,,,,,,,0.0,False,,0.0,success_criteria_satisfied,outputs/paper_final_freeze_20260424/toolsandbox_semantic_repair_official_v1/runs/run_02/traces/012_remove_contact_by_phone_no_remove_contact_insufficient_information_alt_a3_full_interaction.json
2,remove_contact_by_phone_no_remove_contact_insufficient_information_alt,a3_no_query,insufficient_information,t3_must_interact,insufficient_information,state,"[""state"", ""recovery""]",step_02,clarify_then_patch_then_retry,search_contacts,search_contacts,"[""query"", ""target_path"", ""messages"", ""user_clarification""]","[{""source"": ""step_01"", ""target"": ""step_02"", ""type"": ""state""}]",True,1,0,0,0,1,0.0,0,state_failure,False,0,0,False,1.0,1.0,0.0,0.0,0,False,False,False,0,False,none,none,,,,,,,,0.0,False,,0.0,success_criteria_satisfied,outputs/paper_final_freeze_20260424/toolsandbox_semantic_repair_official_v1/runs/run_02/traces/012_remove_contact_by_phone_no_remove_contact_insufficient_information_alt_a3_no_query.json
2,remove_contact_by_phone_no_remove_contact_insufficient_information_alt,a3_noisy_user,insufficient_information,t3_must_interact,insufficient_information,state,"[""state"", ""recovery""]",step_02,clarify_then_patch_then_retry,search_contacts,search_contacts,"[""query"", ""target_path"", ""messages"", ""user_clarification""]","[{""source"": ""step_01"", ""target"": ""step_02"", ""type"": ""state""}]",True,1,0,0,1,1,0.0,0,state_failure,False,0,0,False,1.0,1.0,0.0,0.0,0,False,False,False,0,False,none,none,,,,,,,,0.0,False,,0.0,success_criteria_satisfied,outputs/paper_final_freeze_20260424/toolsandbox_semantic_repair_official_v1/runs/run_02/traces/012_remove_contact_by_phone_no_remove_contact_insufficient_information_alt_a3_noisy_user.json
3,turn_on_cellular_low_battery_mode,a2_planner,state_failure,t1_static_recovery,state_failure,state,"[""state""]",step_02,patch_state_then_retry,,search_tool,"[""query"", ""target_path"", ""messages"", ""retrieved_info"", ""artifact_ready""]","[{""source"": ""step_01"", ""target"": ""step_02"", ""type"": ""state""}]",False,1,0,1,0,2,0.0,0,state_failure,False,0,0,False,0.0,0.0,0.0,0.0,0,False,False,False,0,False,none,none,,,,,,,,0.0,False,,1.0,awaiting_user_interaction,outputs/paper_final_freeze_20260424/toolsandbox_semantic_repair_official_v1/runs/run_03/traces/001_turn_on_cellular_low_battery_mode_a2_planner.json
3,turn_on_cellular_low_battery_mode,a3_full_interaction,state_failure,t1_static_recovery,state_failure,state,"[""state""]",step_02,patch_state_then_retry,,write_tool,"[""query"", ""target_path"", ""messages"", ""retrieved_info"", ""artifact_ready""]","[{""source"": ""step_01"", ""target"": ""step_02"", ""type"": ""state""}]",True,2,0,1,1,2,0.0,0,state_failure,True,1,1,True,1.0,1.0,0.0,1.0,0,False,False,True,0,False,none,none,,,,,,,,0.0,False,,1.0,success_criteria_satisfied,outputs/paper_final_freeze_20260424/toolsandbox_semantic_repair_official_v1/runs/run_03/traces/001_turn_on_cellular_low_battery_mode_a3_full_interaction.json
3,turn_on_cellular_low_battery_mode,a3_no_query,state_failure,t1_static_recovery,state_failure,state,"[""state""]",step_02,patch_state_then_retry,,search_tool,"[""query"", ""target_path"", ""messages"", ""retrieved_info"", ""artifact_ready""]","[{""source"": ""step_01"", ""target"": ""step_02"", ""type"": ""state""}]",False,1,0,1,0,2,0.0,0,state_failure,False,0,0,False,1.0,1.0,0.0,0.0,0,False,False,False,0,False,none,none,,,,,,,,0.0,False,,1.0,query_disabled,outputs/paper_final_freeze_20260424/toolsandbox_semantic_repair_official_v1/runs/run_03/traces/001_turn_on_cellular_low_battery_mode_a3_no_query.json
3,turn_on_cellular_low_battery_mode,a3_noisy_user,state_failure,t1_static_recovery,state_failure,state,"[""state""]",step_02,patch_state_then_retry,,search_tool,"[""query"", ""target_path"", ""messages"", ""retrieved_info"", ""artifact_ready""]","[{""source"": ""step_01"", ""target"": ""step_02"", ""type"": ""state""}]",False,1,0,2,1,2,0.0,0,state_failure,False,0,1,True,1.0,1.0,0.0,0.0,1,False,False,False,0,False,none,none,,,,,,,,0.0,False,,1.0,repeat_failure_abort,outputs/paper_final_freeze_20260424/toolsandbox_semantic_repair_official_v1/runs/run_03/traces/001_turn_on_cellular_low_battery_mode_a3_noisy_user.json
3,turn_on_cellular_low_battery_mode_implicit,a2_planner,state_failure,t1_static_recovery,state_failure,state,"[""state""]",step_02,patch_state_then_retry,,search_tool,"[""query"", ""target_path"", ""messages"", ""retrieved_info"", ""artifact_ready""]","[{""source"": ""step_01"", ""target"": ""step_02"", ""type"": ""state""}]",False,1,0,1,0,2,0.0,0,state_failure,False,0,0,False,0.0,0.0,0.0,0.0,0,False,False,False,0,False,none,none,,,,,,,,0.0,False,,1.0,awaiting_user_interaction,outputs/paper_final_freeze_20260424/toolsandbox_semantic_repair_official_v1/runs/run_03/traces/002_turn_on_cellular_low_battery_mode_implicit_a2_planner.json
3,turn_on_cellular_low_battery_mode_implicit,a3_full_interaction,state_failure,t1_static_recovery,state_failure,state,"[""state""]",step_02,patch_state_then_retry,,write_tool,"[""query"", ""target_path"", ""messages"", ""retrieved_info"", ""artifact_ready""]","[{""source"": ""step_01"", ""target"": ""step_02"", ""type"": ""state""}]",True,2,0,1,1,2,0.0,0,state_failure,True,1,1,True,1.0,1.0,0.0,1.0,0,False,False,True,0,False,none,none,,,,,,,,0.0,False,,1.0,success_criteria_satisfied,outputs/paper_final_freeze_20260424/toolsandbox_semantic_repair_official_v1/runs/run_03/traces/002_turn_on_cellular_low_battery_mode_implicit_a3_full_interaction.json
3,turn_on_cellular_low_battery_mode_implicit,a3_no_query,state_failure,t1_static_recovery,state_failure,state,"[""state""]",step_02,patch_state_then_retry,,search_tool,"[""query"", ""target_path"", ""messages"", ""retrieved_info"", ""artifact_ready""]","[{""source"": ""step_01"", ""target"": ""step_02"", ""type"": ""state""}]",False,1,0,1,0,2,0.0,0,state_failure,False,0,0,False,1.0,1.0,0.0,0.0,0,False,False,False,0,False,none,none,,,,,,,,0.0,False,,1.0,query_disabled,outputs/paper_final_freeze_20260424/toolsandbox_semantic_repair_official_v1/runs/run_03/traces/002_turn_on_cellular_low_battery_mode_implicit_a3_no_query.json
3,turn_on_cellular_low_battery_mode_implicit,a3_noisy_user,state_failure,t1_static_recovery,state_failure,state,"[""state""]",step_02,patch_state_then_retry,,search_tool,"[""query"", ""target_path"", ""messages"", ""retrieved_info"", ""artifact_ready""]","[{""source"": ""step_01"", ""target"": ""step_02"", ""type"": ""state""}]",False,1,0,2,1,2,0.0,0,state_failure,False,0,1,True,1.0,1.0,0.0,0.0,1,False,False,False,0,False,none,none,,,,,,,,0.0,False,,1.0,repeat_failure_abort,outputs/paper_final_freeze_20260424/toolsandbox_semantic_repair_official_v1/runs/run_03/traces/002_turn_on_cellular_low_battery_mode_implicit_a3_noisy_user.json
3,turn_on_location_low_battery_mode,a2_planner,state_failure,t1_static_recovery,state_failure,state,"[""state""]",step_02,patch_state_then_retry,,search_tool,"[""query"", ""target_path"", ""messages"", ""retrieved_info"", ""artifact_ready""]","[{""source"": ""step_01"", ""target"": ""step_02"", ""type"": ""state""}]",False,1,0,1,0,2,0.0,0,state_failure,False,0,0,False,0.0,0.0,0.0,0.0,0,False,False,False,0,False,none,none,,,,,,,,0.0,False,,1.0,awaiting_user_interaction,outputs/paper_final_freeze_20260424/toolsandbox_semantic_repair_official_v1/runs/run_03/traces/003_turn_on_location_low_battery_mode_a2_planner.json
3,turn_on_location_low_battery_mode,a3_full_interaction,state_failure,t1_static_recovery,state_failure,state,"[""state""]",step_02,patch_state_then_retry,,write_tool,"[""query"", ""target_path"", ""messages"", ""retrieved_info"", ""artifact_ready""]","[{""source"": ""step_01"", ""target"": ""step_02"", ""type"": ""state""}]",True,2,0,1,1,2,0.0,0,state_failure,True,1,1,True,1.0,1.0,0.0,1.0,0,False,False,True,0,False,none,none,,,,,,,,0.0,False,,1.0,success_criteria_satisfied,outputs/paper_final_freeze_20260424/toolsandbox_semantic_repair_official_v1/runs/run_03/traces/003_turn_on_location_low_battery_mode_a3_full_interaction.json
3,turn_on_location_low_battery_mode,a3_no_query,state_failure,t1_static_recovery,state_failure,state,"[""state""]",step_02,patch_state_then_retry,,search_tool,"[""query"", ""target_path"", ""messages"", ""retrieved_info"", ""artifact_ready""]","[{""source"": ""step_01"", ""target"": ""step_02"", ""type"": ""state""}]",False,1,0,1,0,2,0.0,0,state_failure,False,0,0,False,1.0,1.0,0.0,0.0,0,False,False,False,0,False,none,none,,,,,,,,0.0,False,,1.0,query_disabled,outputs/paper_final_freeze_20260424/toolsandbox_semantic_repair_official_v1/runs/run_03/traces/003_turn_on_location_low_battery_mode_a3_no_query.json
3,turn_on_location_low_battery_mode,a3_noisy_user,state_failure,t1_static_recovery,state_failure,state,"[""state""]",step_02,patch_state_then_retry,,search_tool,"[""query"", ""target_path"", ""messages"", ""retrieved_info"", ""artifact_ready""]","[{""source"": ""step_01"", ""target"": ""step_02"", ""type"": ""state""}]",False,1,0,2,1,2,0.0,0,state_failure,False,0,1,True,1.0,1.0,0.0,0.0,1,False,False,False,0,False,none,none,,,,,,,,0.0,False,,1.0,repeat_failure_abort,outputs/paper_final_freeze_20260424/toolsandbox_semantic_repair_official_v1/runs/run_03/traces/003_turn_on_location_low_battery_mode_a3_noisy_user.json
3,turn_on_location_low_battery_mode_implicit,a2_planner,state_failure,t1_static_recovery,state_failure,state,"[""state""]",step_02,patch_state_then_retry,,search_tool,"[""query"", ""target_path"", ""messages"", ""retrieved_info"", ""artifact_ready""]","[{""source"": ""step_01"", ""target"": ""step_02"", ""type"": ""state""}]",False,1,0,1,0,2,0.0,0,state_failure,False,0,0,False,0.0,0.0,0.0,0.0,0,False,False,False,0,False,none,none,,,,,,,,0.0,False,,1.0,awaiting_user_interaction,outputs/paper_final_freeze_20260424/toolsandbox_semantic_repair_official_v1/runs/run_03/traces/004_turn_on_location_low_battery_mode_implicit_a2_planner.json
3,turn_on_location_low_battery_mode_implicit,a3_full_interaction,state_failure,t1_static_recovery,state_failure,state,"[""state""]",step_02,patch_state_then_retry,,write_tool,"[""query"", ""target_path"", ""messages"", ""retrieved_info"", ""artifact_ready""]","[{""source"": ""step_01"", ""target"": ""step_02"", ""type"": ""state""}]",True,2,0,1,1,2,0.0,0,state_failure,True,1,1,True,1.0,1.0,0.0,1.0,0,False,False,True,0,False,none,none,,,,,,,,0.0,False,,1.0,success_criteria_satisfied,outputs/paper_final_freeze_20260424/toolsandbox_semantic_repair_official_v1/runs/run_03/traces/004_turn_on_location_low_battery_mode_implicit_a3_full_interaction.json
3,turn_on_location_low_battery_mode_implicit,a3_no_query,state_failure,t1_static_recovery,state_failure,state,"[""state""]",step_02,patch_state_then_retry,,search_tool,"[""query"", ""target_path"", ""messages"", ""retrieved_info"", ""artifact_ready""]","[{""source"": ""step_01"", ""target"": ""step_02"", ""type"": ""state""}]",False,1,0,1,0,2,0.0,0,state_failure,False,0,0,False,1.0,1.0,0.0,0.0,0,False,False,False,0,False,none,none,,,,,,,,0.0,False,,1.0,query_disabled,outputs/paper_final_freeze_20260424/toolsandbox_semantic_repair_official_v1/runs/run_03/traces/004_turn_on_location_low_battery_mode_implicit_a3_no_query.json
3,turn_on_location_low_battery_mode_implicit,a3_noisy_user,state_failure,t1_static_recovery,state_failure,state,"[""state""]",step_02,patch_state_then_retry,,search_tool,"[""query"", ""target_path"", ""messages"", ""retrieved_info"", ""artifact_ready""]","[{""source"": ""step_01"", ""target"": ""step_02"", ""type"": ""state""}]",False,1,0,2,1,2,0.0,0,state_failure,False,0,1,True,1.0,1.0,0.0,0.0,1,False,False,False,0,False,none,none,,,,,,,,0.0,False,,1.0,repeat_failure_abort,outputs/paper_final_freeze_20260424/toolsandbox_semantic_repair_official_v1/runs/run_03/traces/004_turn_on_location_low_battery_mode_implicit_a3_noisy_user.json
3,turn_on_wifi_low_battery_mode,a2_planner,state_failure,t1_static_recovery,state_failure,state,"[""state""]",step_02,patch_state_then_retry,,search_tool,"[""query"", ""target_path"", ""messages"", ""retrieved_info"", ""artifact_ready""]","[{""source"": ""step_01"", ""target"": ""step_02"", ""type"": ""state""}]",False,1,0,1,0,2,0.0,0,state_failure,False,0,0,False,0.0,0.0,0.0,0.0,0,False,False,False,0,False,none,none,,,,,,,,0.0,False,,1.0,awaiting_user_interaction,outputs/paper_final_freeze_20260424/toolsandbox_semantic_repair_official_v1/runs/run_03/traces/005_turn_on_wifi_low_battery_mode_a2_planner.json
3,turn_on_wifi_low_battery_mode,a3_full_interaction,state_failure,t1_static_recovery,state_failure,state,"[""state""]",step_02,patch_state_then_retry,,write_tool,"[""query"", ""target_path"", ""messages"", ""retrieved_info"", ""artifact_ready""]","[{""source"": ""step_01"", ""target"": ""step_02"", ""type"": ""state""}]",True,2,0,1,1,2,0.0,0,state_failure,True,1,1,True,1.0,1.0,0.0,1.0,0,False,False,True,0,False,none,none,,,,,,,,0.0,False,,1.0,success_criteria_satisfied,outputs/paper_final_freeze_20260424/toolsandbox_semantic_repair_official_v1/runs/run_03/traces/005_turn_on_wifi_low_battery_mode_a3_full_interaction.json
3,turn_on_wifi_low_battery_mode,a3_no_query,state_failure,t1_static_recovery,state_failure,state,"[""state""]",step_02,patch_state_then_retry,,search_tool,"[""query"", ""target_path"", ""messages"", ""retrieved_info"", ""artifact_ready""]","[{""source"": ""step_01"", ""target"": ""step_02"", ""type"": ""state""}]",False,1,0,1,0,2,0.0,0,state_failure,False,0,0,False,1.0,1.0,0.0,0.0,0,False,False,False,0,False,none,none,,,,,,,,0.0,False,,1.0,query_disabled,outputs/paper_final_freeze_20260424/toolsandbox_semantic_repair_official_v1/runs/run_03/traces/005_turn_on_wifi_low_battery_mode_a3_no_query.json
3,turn_on_wifi_low_battery_mode,a3_noisy_user,state_failure,t1_static_recovery,state_failure,state,"[""state""]",step_02,patch_state_then_retry,,search_tool,"[""query"", ""target_path"", ""messages"", ""retrieved_info"", ""artifact_ready""]","[{""source"": ""step_01"", ""target"": ""step_02"", ""type"": ""state""}]",False,1,0,2,1,2,0.0,0,state_failure,False,0,1,True,1.0,1.0,0.0,0.0,1,False,False,False,0,False,none,none,,,,,,,,0.0,False,,1.0,repeat_failure_abort,outputs/paper_final_freeze_20260424/toolsandbox_semantic_repair_official_v1/runs/run_03/traces/005_turn_on_wifi_low_battery_mode_a3_noisy_user.json
3,turn_on_wifi_low_battery_mode_implicit,a2_planner,state_failure,t1_static_recovery,state_failure,state,"[""state""]",step_02,patch_state_then_retry,,search_tool,"[""query"", ""target_path"", ""messages"", ""retrieved_info"", ""artifact_ready""]","[{""source"": ""step_01"", ""target"": ""step_02"", ""type"": ""state""}]",False,1,0,1,0,2,0.0,0,state_failure,False,0,0,False,0.0,0.0,0.0,0.0,0,False,False,False,0,False,none,none,,,,,,,,0.0,False,,1.0,awaiting_user_interaction,outputs/paper_final_freeze_20260424/toolsandbox_semantic_repair_official_v1/runs/run_03/traces/006_turn_on_wifi_low_battery_mode_implicit_a2_planner.json
3,turn_on_wifi_low_battery_mode_implicit,a3_full_interaction,state_failure,t1_static_recovery,state_failure,state,"[""state""]",step_02,patch_state_then_retry,,write_tool,"[""query"", ""target_path"", ""messages"", ""retrieved_info"", ""artifact_ready""]","[{""source"": ""step_01"", ""target"": ""step_02"", ""type"": ""state""}]",True,2,0,1,1,2,0.0,0,state_failure,True,1,1,True,1.0,1.0,0.0,1.0,0,False,False,True,0,False,none,none,,,,,,,,0.0,False,,1.0,success_criteria_satisfied,outputs/paper_final_freeze_20260424/toolsandbox_semantic_repair_official_v1/runs/run_03/traces/006_turn_on_wifi_low_battery_mode_implicit_a3_full_interaction.json
3,turn_on_wifi_low_battery_mode_implicit,a3_no_query,state_failure,t1_static_recovery,state_failure,state,"[""state""]",step_02,patch_state_then_retry,,search_tool,"[""query"", ""target_path"", ""messages"", ""retrieved_info"", ""artifact_ready""]","[{""source"": ""step_01"", ""target"": ""step_02"", ""type"": ""state""}]",False,1,0,1,0,2,0.0,0,state_failure,False,0,0,False,1.0,1.0,0.0,0.0,0,False,False,False,0,False,none,none,,,,,,,,0.0,False,,1.0,query_disabled,outputs/paper_final_freeze_20260424/toolsandbox_semantic_repair_official_v1/runs/run_03/traces/006_turn_on_wifi_low_battery_mode_implicit_a3_no_query.json
3,turn_on_wifi_low_battery_mode_implicit,a3_noisy_user,state_failure,t1_static_recovery,state_failure,state,"[""state""]",step_02,patch_state_then_retry,,search_tool,"[""query"", ""target_path"", ""messages"", ""retrieved_info"", ""artifact_ready""]","[{""source"": ""step_01"", ""target"": ""step_02"", ""type"": ""state""}]",False,1,0,2,1,2,0.0,0,state_failure,False,0,1,True,1.0,1.0,0.0,0.0,1,False,False,False,0,False,none,none,,,,,,,,0.0,False,,1.0,repeat_failure_abort,outputs/paper_final_freeze_20260424/toolsandbox_semantic_repair_official_v1/runs/run_03/traces/006_turn_on_wifi_low_battery_mode_implicit_a3_noisy_user.json
3,add_reminder_content_and_date_and_time_multiple_user_turn,a2_planner,multiple_user_turn,t3_must_interact,multiple_user_turn,selection,"[""selection"", ""ordering"", ""recovery""]",step_02,rebind_or_switch_then_retry,,write_tool,"[""query"", ""target_path"", ""messages""]","[{""source"": ""step_01"", ""target"": ""step_02"", ""type"": ""state""}]",True,2,0,0,0,2,0.0,0,multiple_user_turn,False,0,0,False,0.0,0.0,0.0,0.0,0,False,False,False,0,False,none,none,,,,,,,,0.0,False,,0.0,success_criteria_satisfied,outputs/paper_final_freeze_20260424/toolsandbox_semantic_repair_official_v1/runs/run_03/traces/007_add_reminder_content_and_date_and_time_multiple_user_turn_a2_planner.json
3,add_reminder_content_and_date_and_time_multiple_user_turn,a3_full_interaction,multiple_user_turn,t3_must_interact,multiple_user_turn,selection,"[""selection"", ""ordering"", ""recovery""]",step_02,rebind_or_switch_then_retry,,write_tool,"[""query"", ""target_path"", ""messages""]","[{""source"": ""step_01"", ""target"": ""step_02"", ""type"": ""state""}]",True,2,0,0,1,2,0.0,0,multiple_user_turn,False,0,0,False,1.0,1.0,0.0,0.0,0,False,False,False,0,False,none,none,,,,,,,,0.0,False,,0.0,success_criteria_satisfied,outputs/paper_final_freeze_20260424/toolsandbox_semantic_repair_official_v1/runs/run_03/traces/007_add_reminder_content_and_date_and_time_multiple_user_turn_a3_full_interaction.json
3,add_reminder_content_and_date_and_time_multiple_user_turn,a3_no_query,multiple_user_turn,t3_must_interact,multiple_user_turn,selection,"[""selection"", ""ordering"", ""recovery""]",step_02,rebind_or_switch_then_retry,,write_tool,"[""query"", ""target_path"", ""messages""]","[{""source"": ""step_01"", ""target"": ""step_02"", ""type"": ""state""}]",True,2,0,0,0,2,0.0,0,multiple_user_turn,False,0,0,False,1.0,1.0,0.0,0.0,0,False,False,False,0,False,none,none,,,,,,,,0.0,False,,0.0,success_criteria_satisfied,outputs/paper_final_freeze_20260424/toolsandbox_semantic_repair_official_v1/runs/run_03/traces/007_add_reminder_content_and_date_and_time_multiple_user_turn_a3_no_query.json
3,add_reminder_content_and_date_and_time_multiple_user_turn,a3_noisy_user,multiple_user_turn,t3_must_interact,multiple_user_turn,selection,"[""selection"", ""ordering"", ""recovery""]",step_02,rebind_or_switch_then_retry,,write_tool,"[""query"", ""target_path"", ""messages""]","[{""source"": ""step_01"", ""target"": ""step_02"", ""type"": ""state""}]",True,2,0,0,1,2,0.0,0,multiple_user_turn,False,0,0,False,1.0,1.0,0.0,0.0,0,False,False,False,0,False,none,none,,,,,,,,0.0,False,,0.0,success_criteria_satisfied,outputs/paper_final_freeze_20260424/toolsandbox_semantic_repair_official_v1/runs/run_03/traces/007_add_reminder_content_and_date_and_time_multiple_user_turn_a3_noisy_user.json
3,add_reminder_content_and_week_delta_and_time_multiple_user_turn,a2_planner,multiple_user_turn,t3_must_interact,multiple_user_turn,selection,"[""selection"", ""ordering"", ""recovery""]",step_02,rebind_or_switch_then_retry,,get_current_timestamp,"[""query"", ""target_path"", ""messages""]","[{""source"": ""step_01"", ""target"": ""step_02"", ""type"": ""state""}]",True,1,0,0,0,1,0.0,0,multiple_user_turn,False,0,0,False,0.0,0.0,0.0,0.0,0,False,False,False,0,False,none,none,,,,,,,,0.0,False,,0.0,success_criteria_satisfied,outputs/paper_final_freeze_20260424/toolsandbox_semantic_repair_official_v1/runs/run_03/traces/008_add_reminder_content_and_week_delta_and_time_multiple_user_turn_a2_planner.json
3,add_reminder_content_and_week_delta_and_time_multiple_user_turn,a3_full_interaction,multiple_user_turn,t3_must_interact,multiple_user_turn,selection,"[""selection"", ""ordering"", ""recovery""]",step_02,rebind_or_switch_then_retry,,get_current_timestamp,"[""query"", ""target_path"", ""messages""]","[{""source"": ""step_01"", ""target"": ""step_02"", ""type"": ""state""}]",True,1,0,0,1,1,0.0,0,multiple_user_turn,False,0,0,False,1.0,1.0,0.0,0.0,0,False,False,False,0,False,none,none,,,,,,,,0.0,False,,0.0,success_criteria_satisfied,outputs/paper_final_freeze_20260424/toolsandbox_semantic_repair_official_v1/runs/run_03/traces/008_add_reminder_content_and_week_delta_and_time_multiple_user_turn_a3_full_interaction.json
3,add_reminder_content_and_week_delta_and_time_multiple_user_turn,a3_no_query,multiple_user_turn,t3_must_interact,multiple_user_turn,selection,"[""selection"", ""ordering"", ""recovery""]",step_02,rebind_or_switch_then_retry,,get_current_timestamp,"[""query"", ""target_path"", ""messages""]","[{""source"": ""step_01"", ""target"": ""step_02"", ""type"": ""state""}]",True,1,0,0,0,1,0.0,0,multiple_user_turn,False,0,0,False,1.0,1.0,0.0,0.0,0,False,False,False,0,False,none,none,,,,,,,,0.0,False,,0.0,success_criteria_satisfied,outputs/paper_final_freeze_20260424/toolsandbox_semantic_repair_official_v1/runs/run_03/traces/008_add_reminder_content_and_week_delta_and_time_multiple_user_turn_a3_no_query.json
3,add_reminder_content_and_week_delta_and_time_multiple_user_turn,a3_noisy_user,multiple_user_turn,t3_must_interact,multiple_user_turn,selection,"[""selection"", ""ordering"", ""recovery""]",step_02,rebind_or_switch_then_retry,,get_current_timestamp,"[""query"", ""target_path"", ""messages""]","[{""source"": ""step_01"", ""target"": ""step_02"", ""type"": ""state""}]",True,1,0,0,1,1,0.0,0,multiple_user_turn,False,0,0,False,1.0,1.0,0.0,0.0,0,False,False,False,0,False,none,none,,,,,,,,0.0,False,,0.0,success_criteria_satisfied,outputs/paper_final_freeze_20260424/toolsandbox_semantic_repair_official_v1/runs/run_03/traces/008_add_reminder_content_and_week_delta_and_time_multiple_user_turn_a3_noisy_user.json
3,find_days_till_holiday_multiple_user_turn,a2_planner,multiple_user_turn,t3_must_interact,multiple_user_turn,selection,"[""selection"", ""ordering"", ""recovery""]",step_02,rebind_or_switch_then_retry,,search_holiday,"[""query"", ""target_path"", ""messages""]","[{""source"": ""step_01"", ""target"": ""step_02"", ""type"": ""state""}]",True,1,0,0,0,1,0.0,0,multiple_user_turn,False,0,0,False,0.0,0.0,0.0,0.0,0,False,False,False,0,False,none,none,,,,,,,,0.0,False,,0.0,success_criteria_satisfied,outputs/paper_final_freeze_20260424/toolsandbox_semantic_repair_official_v1/runs/run_03/traces/009_find_days_till_holiday_multiple_user_turn_a2_planner.json
3,find_days_till_holiday_multiple_user_turn,a3_full_interaction,multiple_user_turn,t3_must_interact,multiple_user_turn,selection,"[""selection"", ""ordering"", ""recovery""]",step_02,rebind_or_switch_then_retry,,search_holiday,"[""query"", ""target_path"", ""messages""]","[{""source"": ""step_01"", ""target"": ""step_02"", ""type"": ""state""}]",True,1,0,0,1,1,0.0,0,multiple_user_turn,False,0,0,False,1.0,1.0,0.0,0.0,0,False,False,False,0,False,none,none,,,,,,,,0.0,False,,0.0,success_criteria_satisfied,outputs/paper_final_freeze_20260424/toolsandbox_semantic_repair_official_v1/runs/run_03/traces/009_find_days_till_holiday_multiple_user_turn_a3_full_interaction.json
3,find_days_till_holiday_multiple_user_turn,a3_no_query,multiple_user_turn,t3_must_interact,multiple_user_turn,selection,"[""selection"", ""ordering"", ""recovery""]",step_02,rebind_or_switch_then_retry,,search_holiday,"[""query"", ""target_path"", ""messages""]","[{""source"": ""step_01"", ""target"": ""step_02"", ""type"": ""state""}]",True,1,0,0,0,1,0.0,0,multiple_user_turn,False,0,0,False,1.0,1.0,0.0,0.0,0,False,False,False,0,False,none,none,,,,,,,,0.0,False,,0.0,success_criteria_satisfied,outputs/paper_final_freeze_20260424/toolsandbox_semantic_repair_official_v1/runs/run_03/traces/009_find_days_till_holiday_multiple_user_turn_a3_no_query.json
3,find_days_till_holiday_multiple_user_turn,a3_noisy_user,multiple_user_turn,t3_must_interact,multiple_user_turn,selection,"[""selection"", ""ordering"", ""recovery""]",step_02,rebind_or_switch_then_retry,,search_holiday,"[""query"", ""target_path"", ""messages""]","[{""source"": ""step_01"", ""target"": ""step_02"", ""type"": ""state""}]",True,1,0,0,1,1,0.0,0,multiple_user_turn,False,0,0,False,1.0,1.0,0.0,0.0,0,False,False,False,0,False,none,none,,,,,,,,0.0,False,,0.0,success_criteria_satisfied,outputs/paper_final_freeze_20260424/toolsandbox_semantic_repair_official_v1/runs/run_03/traces/009_find_days_till_holiday_multiple_user_turn_a3_noisy_user.json
3,search_message_with_recency_latest_multiple_user_turn,a2_planner,multiple_user_turn,t3_must_interact,multiple_user_turn,ordering,"[""ordering"", ""recovery""]",step_02,replan_or_reroute_then_retry,,search_messages,"[""query"", ""target_path"", ""messages""]","[{""source"": ""step_01"", ""target"": ""step_02"", ""type"": ""state""}]",True,1,0,0,0,1,0.0,0,multiple_user_turn,False,0,0,False,0.0,0.0,0.0,0.0,0,False,False,False,0,False,none,none,,,,,,,,0.0,False,,0.0,success_criteria_satisfied,outputs/paper_final_freeze_20260424/toolsandbox_semantic_repair_official_v1/runs/run_03/traces/010_search_message_with_recency_latest_multiple_user_turn_a2_planner.json
3,search_message_with_recency_latest_multiple_user_turn,a3_full_interaction,multiple_user_turn,t3_must_interact,multiple_user_turn,ordering,"[""ordering"", ""recovery""]",step_02,replan_or_reroute_then_retry,,search_messages,"[""query"", ""target_path"", ""messages""]","[{""source"": ""step_01"", ""target"": ""step_02"", ""type"": ""state""}]",True,1,0,0,1,1,0.0,0,multiple_user_turn,False,0,0,False,1.0,1.0,0.0,0.0,0,False,False,False,0,False,none,none,,,,,,,,0.0,False,,0.0,success_criteria_satisfied,outputs/paper_final_freeze_20260424/toolsandbox_semantic_repair_official_v1/runs/run_03/traces/010_search_message_with_recency_latest_multiple_user_turn_a3_full_interaction.json
3,search_message_with_recency_latest_multiple_user_turn,a3_no_query,multiple_user_turn,t3_must_interact,multiple_user_turn,ordering,"[""ordering"", ""recovery""]",step_02,replan_or_reroute_then_retry,,search_messages,"[""query"", ""target_path"", ""messages""]","[{""source"": ""step_01"", ""target"": ""step_02"", ""type"": ""state""}]",True,1,0,0,0,1,0.0,0,multiple_user_turn,False,0,0,False,1.0,1.0,0.0,0.0,0,False,False,False,0,False,none,none,,,,,,,,0.0,False,,0.0,success_criteria_satisfied,outputs/paper_final_freeze_20260424/toolsandbox_semantic_repair_official_v1/runs/run_03/traces/010_search_message_with_recency_latest_multiple_user_turn_a3_no_query.json
3,search_message_with_recency_latest_multiple_user_turn,a3_noisy_user,multiple_user_turn,t3_must_interact,multiple_user_turn,ordering,"[""ordering"", ""recovery""]",step_02,replan_or_reroute_then_retry,,search_messages,"[""query"", ""target_path"", ""messages""]","[{""source"": ""step_01"", ""target"": ""step_02"", ""type"": ""state""}]",True,1,0,0,1,1,0.0,0,multiple_user_turn,False,0,0,False,1.0,1.0,0.0,0.0,0,False,False,False,0,False,none,none,,,,,,,,0.0,False,,0.0,success_criteria_satisfied,outputs/paper_final_freeze_20260424/toolsandbox_semantic_repair_official_v1/runs/run_03/traces/010_search_message_with_recency_latest_multiple_user_turn_a3_noisy_user.json
3,remove_contact_by_phone_no_remove_contact_insufficient_information,a2_planner,insufficient_information,t3_must_interact,insufficient_information,state,"[""state"", ""recovery""]",step_02,clarify_then_patch_then_retry,search_contacts,search_contacts,"[""query"", ""target_path"", ""messages"", ""user_clarification""]","[{""source"": ""step_01"", ""target"": ""step_02"", ""type"": ""state""}]",True,1,0,0,0,1,0.0,0,state_failure,False,0,0,False,0.0,0.0,0.0,0.0,0,False,False,False,0,False,none,none,,,,,,,,0.0,False,,0.0,success_criteria_satisfied,outputs/paper_final_freeze_20260424/toolsandbox_semantic_repair_official_v1/runs/run_03/traces/011_remove_contact_by_phone_no_remove_contact_insufficient_information_a2_planner.json
3,remove_contact_by_phone_no_remove_contact_insufficient_information,a3_full_interaction,insufficient_information,t3_must_interact,insufficient_information,state,"[""state"", ""recovery""]",step_02,clarify_then_patch_then_retry,search_contacts,search_contacts,"[""query"", ""target_path"", ""messages"", ""user_clarification""]","[{""source"": ""step_01"", ""target"": ""step_02"", ""type"": ""state""}]",True,1,0,0,1,1,0.0,0,state_failure,False,0,0,False,1.0,1.0,0.0,0.0,0,False,False,False,0,False,none,none,,,,,,,,0.0,False,,0.0,success_criteria_satisfied,outputs/paper_final_freeze_20260424/toolsandbox_semantic_repair_official_v1/runs/run_03/traces/011_remove_contact_by_phone_no_remove_contact_insufficient_information_a3_full_interaction.json
3,remove_contact_by_phone_no_remove_contact_insufficient_information,a3_no_query,insufficient_information,t3_must_interact,insufficient_information,state,"[""state"", ""recovery""]",step_02,clarify_then_patch_then_retry,search_contacts,search_contacts,"[""query"", ""target_path"", ""messages"", ""user_clarification""]","[{""source"": ""step_01"", ""target"": ""step_02"", ""type"": ""state""}]",True,1,0,0,0,1,0.0,0,state_failure,False,0,0,False,1.0,1.0,0.0,0.0,0,False,False,False,0,False,none,none,,,,,,,,0.0,False,,0.0,success_criteria_satisfied,outputs/paper_final_freeze_20260424/toolsandbox_semantic_repair_official_v1/runs/run_03/traces/011_remove_contact_by_phone_no_remove_contact_insufficient_information_a3_no_query.json
3,remove_contact_by_phone_no_remove_contact_insufficient_information,a3_noisy_user,insufficient_information,t3_must_interact,insufficient_information,state,"[""state"", ""recovery""]",step_02,clarify_then_patch_then_retry,search_contacts,search_contacts,"[""query"", ""target_path"", ""messages"", ""user_clarification""]","[{""source"": ""step_01"", ""target"": ""step_02"", ""type"": ""state""}]",True,1,0,0,1,1,0.0,0,state_failure,False,0,0,False,1.0,1.0,0.0,0.0,0,False,False,False,0,False,none,none,,,,,,,,0.0,False,,0.0,success_criteria_satisfied,outputs/paper_final_freeze_20260424/toolsandbox_semantic_repair_official_v1/runs/run_03/traces/011_remove_contact_by_phone_no_remove_contact_insufficient_information_a3_noisy_user.json
3,remove_contact_by_phone_no_remove_contact_insufficient_information_alt,a2_planner,insufficient_information,t3_must_interact,insufficient_information,state,"[""state"", ""recovery""]",step_02,clarify_then_patch_then_retry,search_contacts,search_contacts,"[""query"", ""target_path"", ""messages"", ""user_clarification""]","[{""source"": ""step_01"", ""target"": ""step_02"", ""type"": ""state""}]",True,1,0,0,0,1,0.0,0,state_failure,False,0,0,False,0.0,0.0,0.0,0.0,0,False,False,False,0,False,none,none,,,,,,,,0.0,False,,0.0,success_criteria_satisfied,outputs/paper_final_freeze_20260424/toolsandbox_semantic_repair_official_v1/runs/run_03/traces/012_remove_contact_by_phone_no_remove_contact_insufficient_information_alt_a2_planner.json
3,remove_contact_by_phone_no_remove_contact_insufficient_information_alt,a3_full_interaction,insufficient_information,t3_must_interact,insufficient_information,state,"[""state"", ""recovery""]",step_02,clarify_then_patch_then_retry,search_contacts,search_contacts,"[""query"", ""target_path"", ""messages"", ""user_clarification""]","[{""source"": ""step_01"", ""target"": ""step_02"", ""type"": ""state""}]",True,1,0,0,1,1,0.0,0,state_failure,False,0,0,False,1.0,1.0,0.0,0.0,0,False,False,False,0,False,none,none,,,,,,,,0.0,False,,0.0,success_criteria_satisfied,outputs/paper_final_freeze_20260424/toolsandbox_semantic_repair_official_v1/runs/run_03/traces/012_remove_contact_by_phone_no_remove_contact_insufficient_information_alt_a3_full_interaction.json
3,remove_contact_by_phone_no_remove_contact_insufficient_information_alt,a3_no_query,insufficient_information,t3_must_interact,insufficient_information,state,"[""state"", ""recovery""]",step_02,clarify_then_patch_then_retry,search_contacts,search_contacts,"[""query"", ""target_path"", ""messages"", ""user_clarification""]","[{""source"": ""step_01"", ""target"": ""step_02"", ""type"": ""state""}]",True,1,0,0,0,1,0.0,0,state_failure,False,0,0,False,1.0,1.0,0.0,0.0,0,False,False,False,0,False,none,none,,,,,,,,0.0,False,,0.0,success_criteria_satisfied,outputs/paper_final_freeze_20260424/toolsandbox_semantic_repair_official_v1/runs/run_03/traces/012_remove_contact_by_phone_no_remove_contact_insufficient_information_alt_a3_no_query.json
3,remove_contact_by_phone_no_remove_contact_insufficient_information_alt,a3_noisy_user,insufficient_information,t3_must_interact,insufficient_information,state,"[""state"", ""recovery""]",step_02,clarify_then_patch_then_retry,search_contacts,search_contacts,"[""query"", ""target_path"", ""messages"", ""user_clarification""]","[{""source"": ""step_01"", ""target"": ""step_02"", ""type"": ""state""}]",True,1,0,0,1,1,0.0,0,state_failure,False,0,0,False,1.0,1.0,0.0,0.0,0,False,False,False,0,False,none,none,,,,,,,,0.0,False,,0.0,success_criteria_satisfied,outputs/paper_final_freeze_20260424/toolsandbox_semantic_repair_official_v1/runs/run_03/traces/012_remove_contact_by_phone_no_remove_contact_insufficient_information_alt_a3_noisy_user.json
